1,2017-04-23,2017,4,Queens,Playground for All Children,soccer,25
2,2017-04-23,2017,4,Queens,Playground for All Children,basketball,25
3,2017-04-23,2017,4,Queens,Playground for All Children,frisbee,25
4,2017-04-24,2017,4,Queens,Playground for All Children,soccer,20
5,2017-04-24,2017,4,Queens,Playground for All Children,basketball,20
6,2017-04-24,2017,4,Queens,Playground for All Children,frisbee,20
7,2017-04-25,2017,4,Queens,Playground for All Children,soccer,30
8,2017-04-25,2017,4,Queens,Playground for All Children,basketball,30
9,2017-04-25,2017,4,Queens,Playground for All Children,frisbee,30
10,2017-04-26,2017,4,Queens,Playground for All Children,soccer,26
11,2017-04-26,2017,4,Queens,Playground for All Children,basketball,26
12,2017-04-26,2017,4,Queens,Playground for All Children,frisbee,26
13,2017-04-27,2017,4,Queens,Playground for All Children,soccer,22
14,2017-04-27,2017,4,Queens,Playground for All Children,basketball,22
15,2017-04-27,2017,4,Queens,Playground for All Children,frisbee,22
16,2017-04-28,2017,4,Queens,Playground for All Children,soccer,100
17,2017-04-28,2017,4,Queens,Playground for All Children,basketball,100
18,2017-04-28,2017,4,Queens,Playground for All Children,frisbee,100
19,2017-04-29,2017,4,Queens,Playground for All Children,soccer,37
20,2017-04-29,2017,4,Queens,Playground for All Children,basketball,37
21,2017-04-29,2017,4,Queens,Playground for All Children,frisbee,37
22,2017-04-30,2017,4,Queens,Playground for All Children,basketball,250
23,2017-05-01,2017,5,Queens,Playground for All Children,basketball,95
24,2017-05-02,2017,5,Queens,Playground for All Children,basketball,120
25,2017-05-03,2017,5,Queens,Playground for All Children,basketball,180
26,2017-05-04,2017,5,Queens,Playground for All Children,basketball,400
27,2017-05-07,2017,5,Queens,Playground for All Children,soccer,590
28,2017-05-08,2017,5,Queens,Playground for All Children,soccer,180
29,2017-05-09,2017,5,Queens,Playground for All Children,soccer,250
30,2017-05-10,2017,5,Queens,Playground for All Children,soccer,440
31,2017-05-11,2017,5,Queens,Playground for All Children,soccer,550
32,2017-05-12,2017,5,Queens,Playground for All Children,soccer,730
33,2017-05-14,2017,5,Queens,Playground for All Children,pillow polo,550
34,2017-05-15,2017,5,Queens,Playground for All Children,pillow polo,708
35,2017-05-16,2017,5,Queens,Playground for All Children,pillow polo,58
36,2017-05-17,2017,5,Queens,Playground for All Children,pillow polo,680
37,2017-05-18,2017,5,Queens,Playground for All Children,pillow polo,975
38,2017-05-19,2017,5,Queens,Playground for All Children,pillow polo,333
39,2017-05-20,2017,5,Queens,Playground for All Children,pillow polo,670
40,2017-05-21,2017,5,Queens,Playground for All Children,various sports,300
41,2017-05-22,2017,5,Queens,Playground for All Children,various sports,375
42,2017-05-23,2017,5,Queens,Playground for All Children,various sports,280
43,2017-05-24,2017,5,Queens,Playground for All Children,various sports,200
44,2017-05-26,2017,5,Queens,Playground for All Children,various sports,370
45,2017-05-27,2017,5,Queens,Playground for All Children,various sports,800
46,2017-05-29,2017,5,Queens,Playground for All Children,various sports,210
47,2017-05-30,2017,5,Queens,Playground for All Children,various sports,320
48,2017-05-31,2017,5,Queens,Playground for All Children,various sports,280
49,2017-06-01,2017,6,Queens,Playground for All Children,various sports,200
50,2017-06-02,2017,6,Queens,Playground for All Children,various sports,310
51,2017-06-03,2017,6,Queens,Playground for All Children,various sports,210
52,2017-04-24,2017,4,Queens,Playground for All Children,various sports,225
53,2017-04-25,2017,4,Queens,Playground for All Children,various sports,320
54,2017-04-26,2017,4,Queens,Playground for All Children,various sports,280
55,2017-04-27,2017,4,Queens,Playground for All Children,various sports,200
56,2017-04-28,2017,4,Queens,Playground for All Children,various sports,310
57,2017-04-29,2017,4,Queens,Playground for All Children,various sports,210
58,2017-05-28,2017,5,Queens,Playground for All Children,soccer,1450
59,2017-05-30,2017,5,Queens,Playground for All Children,soccer,810
60,2017-05-31,2017,5,Queens,Playground for All Children,soccer,560
61,2017-06-01,2017,6,Queens,Playground for All Children,soccer,850
62,2017-06-02,2017,6,Queens,Playground for All Children,soccer,1250
63,2017-06-04,2017,6,Queens,Playground for All Children,softball,850
64,2017-06-05,2017,6,Queens,Playground for All Children,softball,380
65,2017-06-07,2017,6,Queens,Playground for All Children,softball,325
66,2017-06-08,2017,6,Queens,Playground for All Children,softball,520
67,2017-06-09,2017,6,Queens,Playground for All Children,softball,950
68,2017-06-10,2017,6,Queens,Playground for All Children,softball,700
69,2017-06-13,2017,6,Queens,Playground for All Children,various sports,775
70,2017-06-14,2017,6,Queens,Playground for All Children,various sports,495
71,2017-06-15,2017,6,Queens,Playground for All Children,various sports,475
72,2017-06-16,2017,6,Queens,Playground for All Children,various sports,75
73,2017-06-17,2017,6,Queens,Playground for All Children,various sports,395
74,2017-06-20,2017,6,Queens,Playground for All Children,soccer,175
75,2017-06-20,2017,6,Queens,Playground for All Children,basketball,175
76,2017-06-20,2017,6,Queens,Playground for All Children,frisbee,175
77,2017-06-20,2017,6,Queens,Playground for All Children,pillow polo,175
78,2017-06-20,2017,6,Queens,Playground for All Children,rugby,175
79,2017-06-20,2017,6,Queens,Playground for All Children,dodgeball,175
80,2017-06-21,2017,6,Queens,Playground for All Children,soccer,500
81,2017-06-21,2017,6,Queens,Playground for All Children,basketball,500
82,2017-06-21,2017,6,Queens,Playground for All Children,frisbee,500
83,2017-06-21,2017,6,Queens,Playground for All Children,pillow polo,500
84,2017-06-21,2017,6,Queens,Playground for All Children,rugby,500
85,2017-06-21,2017,6,Queens,Playground for All Children,dodgeball,500
86,2017-06-22,2017,6,Queens,Playground for All Children,soccer,520
87,2017-06-22,2017,6,Queens,Playground for All Children,basketball,520
88,2017-06-22,2017,6,Queens,Playground for All Children,frisbee,520
89,2017-06-22,2017,6,Queens,Playground for All Children,pillow polo,520
90,2017-06-22,2017,6,Queens,Playground for All Children,rugby,520
91,2017-06-22,2017,6,Queens,Playground for All Children,dodgeball,520
92,2017-06-23,2017,6,Queens,Playground for All Children,soccer,626
93,2017-06-23,2017,6,Queens,Playground for All Children,basketball,626
94,2017-06-23,2017,6,Queens,Playground for All Children,frisbee,626
95,2017-06-23,2017,6,Queens,Playground for All Children,pillow polo,626
96,2017-06-23,2017,6,Queens,Playground for All Children,rugby,626
97,2017-06-23,2017,6,Queens,Playground for All Children,dodgeball,626
98,2017-06-24,2017,6,Queens,Playground for All Children,soccer,400
99,2017-06-24,2017,6,Queens,Playground for All Children,basketball,400
100,2017-06-24,2017,6,Queens,Playground for All Children,frisbee,400
101,2017-06-24,2017,6,Queens,Playground for All Children,pillow polo,400
102,2017-06-24,2017,6,Queens,Playground for All Children,rugby,400
103,2017-06-24,2017,6,Queens,Playground for All Children,dodgeball,400
104,2017-06-25,2017,6,Queens,Playground for All Children,soccer,575
105,2017-06-25,2017,6,Queens,Playground for All Children,basketball,575
106,2017-06-25,2017,6,Queens,Playground for All Children,frisbee,575
107,2017-06-25,2017,6,Queens,Playground for All Children,pillow polo,575
108,2017-06-25,2017,6,Queens,Playground for All Children,rugby,575
109,2017-06-25,2017,6,Queens,Playground for All Children,dodgeball,575
110,2017-05-09,2017,5,Bronx,Williamsbridge Oval,soccer,25
111,2017-05-09,2017,5,Bronx,Williamsbridge Oval,basketball,25
112,2017-05-09,2017,5,Bronx,Williamsbridge Oval,football,25
113,2017-05-09,2017,5,Bronx,Williamsbridge Oval,track,25
114,2017-05-10,2017,5,Bronx,Williamsbridge Oval,soccer,20
115,2017-05-10,2017,5,Bronx,Williamsbridge Oval,basketball,20
116,2017-05-10,2017,5,Bronx,Williamsbridge Oval,football,20
117,2017-05-10,2017,5,Bronx,Williamsbridge Oval,track,20
118,2017-05-11,2017,5,Bronx,Williamsbridge Oval,soccer,23
119,2017-05-11,2017,5,Bronx,Williamsbridge Oval,basketball,23
120,2017-05-11,2017,5,Bronx,Williamsbridge Oval,football,23
121,2017-05-11,2017,5,Bronx,Williamsbridge Oval,track,23
122,2017-05-12,2017,5,Bronx,Williamsbridge Oval,soccer,26
123,2017-05-12,2017,5,Bronx,Williamsbridge Oval,basketball,26
124,2017-05-12,2017,5,Bronx,Williamsbridge Oval,football,26
125,2017-05-12,2017,5,Bronx,Williamsbridge Oval,track,26
126,2017-05-13,2017,5,Bronx,Williamsbridge Oval,soccer,27
127,2017-05-13,2017,5,Bronx,Williamsbridge Oval,basketball,27
128,2017-05-13,2017,5,Bronx,Williamsbridge Oval,football,27
129,2017-05-13,2017,5,Bronx,Williamsbridge Oval,track,27
130,2017-05-16,2017,5,Bronx,Williamsbridge Oval,soccer,20
131,2017-05-16,2017,5,Bronx,Williamsbridge Oval,basketball,20
132,2017-05-16,2017,5,Bronx,Williamsbridge Oval,football,20
133,2017-05-16,2017,5,Bronx,Williamsbridge Oval,track,20
134,2017-05-16,2017,5,Bronx,Williamsbridge Oval,table tennis,20
135,2017-05-17,2017,5,Bronx,Williamsbridge Oval,soccer,22
136,2017-05-17,2017,5,Bronx,Williamsbridge Oval,basketball,22
137,2017-05-17,2017,5,Bronx,Williamsbridge Oval,football,22
138,2017-05-17,2017,5,Bronx,Williamsbridge Oval,track,22
139,2017-05-17,2017,5,Bronx,Williamsbridge Oval,table tennis,22
140,2017-05-18,2017,5,Bronx,Williamsbridge Oval,soccer,23
141,2017-05-18,2017,5,Bronx,Williamsbridge Oval,basketball,23
142,2017-05-18,2017,5,Bronx,Williamsbridge Oval,football,23
143,2017-05-18,2017,5,Bronx,Williamsbridge Oval,track,23
144,2017-05-18,2017,5,Bronx,Williamsbridge Oval,table tennis,23
145,2017-05-19,2017,5,Bronx,Williamsbridge Oval,soccer,21
146,2017-05-19,2017,5,Bronx,Williamsbridge Oval,basketball,21
147,2017-05-19,2017,5,Bronx,Williamsbridge Oval,football,21
148,2017-05-19,2017,5,Bronx,Williamsbridge Oval,track,21
149,2017-05-19,2017,5,Bronx,Williamsbridge Oval,table tennis,21
150,2017-05-20,2017,5,Bronx,Williamsbridge Oval,soccer,20
151,2017-05-20,2017,5,Bronx,Williamsbridge Oval,basketball,20
152,2017-05-20,2017,5,Bronx,Williamsbridge Oval,football,20
153,2017-05-20,2017,5,Bronx,Williamsbridge Oval,track,20
154,2017-05-20,2017,5,Bronx,Williamsbridge Oval,table tennis,20
155,2017-05-23,2017,5,Bronx,Williamsbridge Oval,soccer,23
156,2017-05-23,2017,5,Bronx,Williamsbridge Oval,basketball,23
157,2017-05-23,2017,5,Bronx,Williamsbridge Oval,football,23
158,2017-05-23,2017,5,Bronx,Williamsbridge Oval,track,23
159,2017-05-23,2017,5,Bronx,Williamsbridge Oval,tennis,23
160,2017-05-23,2017,5,Bronx,Williamsbridge Oval,kickball,23
161,2017-05-24,2017,5,Bronx,Williamsbridge Oval,soccer,26
162,2017-05-24,2017,5,Bronx,Williamsbridge Oval,basketball,26
163,2017-05-24,2017,5,Bronx,Williamsbridge Oval,football,26
164,2017-05-24,2017,5,Bronx,Williamsbridge Oval,track,26
165,2017-05-24,2017,5,Bronx,Williamsbridge Oval,tennis,26
166,2017-05-24,2017,5,Bronx,Williamsbridge Oval,kickball,26
167,2017-05-25,2017,5,Bronx,Williamsbridge Oval,soccer,25
168,2017-05-25,2017,5,Bronx,Williamsbridge Oval,basketball,25
169,2017-05-25,2017,5,Bronx,Williamsbridge Oval,football,25
170,2017-05-25,2017,5,Bronx,Williamsbridge Oval,track,25
171,2017-05-25,2017,5,Bronx,Williamsbridge Oval,tennis,25
172,2017-05-25,2017,5,Bronx,Williamsbridge Oval,kickball,25
173,2017-05-26,2017,5,Bronx,Williamsbridge Oval,soccer,26
174,2017-05-26,2017,5,Bronx,Williamsbridge Oval,basketball,26
175,2017-05-26,2017,5,Bronx,Williamsbridge Oval,football,26
176,2017-05-26,2017,5,Bronx,Williamsbridge Oval,track,26
177,2017-05-26,2017,5,Bronx,Williamsbridge Oval,tennis,26
178,2017-05-26,2017,5,Bronx,Williamsbridge Oval,kickball,26
179,2017-05-27,2017,5,Bronx,Williamsbridge Oval,soccer,27
180,2017-05-27,2017,5,Bronx,Williamsbridge Oval,basketball,27
181,2017-05-27,2017,5,Bronx,Williamsbridge Oval,football,27
182,2017-05-27,2017,5,Bronx,Williamsbridge Oval,track,27
183,2017-05-27,2017,5,Bronx,Williamsbridge Oval,tennis,27
184,2017-05-27,2017,5,Bronx,Williamsbridge Oval,kickball,27
185,2017-05-30,2017,5,Bronx,Williamsbridge Oval,soccer,10
186,2017-05-30,2017,5,Bronx,Williamsbridge Oval,basketball,10
187,2017-05-30,2017,5,Bronx,Williamsbridge Oval,football,10
188,2017-05-30,2017,5,Bronx,Williamsbridge Oval,table tennis,10
189,2017-05-30,2017,5,Bronx,Williamsbridge Oval,kickball,10
190,2017-05-31,2017,5,Bronx,Williamsbridge Oval,soccer,30
191,2017-05-31,2017,5,Bronx,Williamsbridge Oval,basketball,30
192,2017-05-31,2017,5,Bronx,Williamsbridge Oval,football,30
193,2017-05-31,2017,5,Bronx,Williamsbridge Oval,table tennis,30
194,2017-05-31,2017,5,Bronx,Williamsbridge Oval,kickball,30
195,2017-06-01,2017,6,Bronx,Williamsbridge Oval,soccer,29
196,2017-06-01,2017,6,Bronx,Williamsbridge Oval,basketball,29
197,2017-06-01,2017,6,Bronx,Williamsbridge Oval,football,29
198,2017-06-01,2017,6,Bronx,Williamsbridge Oval,table tennis,29
199,2017-06-01,2017,6,Bronx,Williamsbridge Oval,kickball,29
200,2017-06-02,2017,6,Bronx,Williamsbridge Oval,soccer,26
201,2017-06-02,2017,6,Bronx,Williamsbridge Oval,basketball,26
202,2017-06-02,2017,6,Bronx,Williamsbridge Oval,football,26
203,2017-06-02,2017,6,Bronx,Williamsbridge Oval,table tennis,26
204,2017-06-02,2017,6,Bronx,Williamsbridge Oval,kickball,26
205,2017-06-03,2017,6,Bronx,Williamsbridge Oval,soccer,15
206,2017-06-03,2017,6,Bronx,Williamsbridge Oval,basketball,15
207,2017-06-03,2017,6,Bronx,Williamsbridge Oval,football,15
208,2017-06-03,2017,6,Bronx,Williamsbridge Oval,table tennis,15
209,2017-06-03,2017,6,Bronx,Williamsbridge Oval,kickball,15
210,2017-06-06,2017,6,Bronx,Williamsbridge Oval,soccer,25
211,2017-06-06,2017,6,Bronx,Williamsbridge Oval,basketball,25
212,2017-06-06,2017,6,Bronx,Williamsbridge Oval,football,25
213,2017-06-06,2017,6,Bronx,Williamsbridge Oval,table tennis,25
214,2017-06-06,2017,6,Bronx,Williamsbridge Oval,kickball,25
215,2017-06-07,2017,6,Bronx,Williamsbridge Oval,soccer,27
216,2017-06-07,2017,6,Bronx,Williamsbridge Oval,basketball,27
217,2017-06-07,2017,6,Bronx,Williamsbridge Oval,football,27
218,2017-06-07,2017,6,Bronx,Williamsbridge Oval,table tennis,27
219,2017-06-07,2017,6,Bronx,Williamsbridge Oval,kickball,27
220,2017-06-08,2017,6,Bronx,Williamsbridge Oval,soccer,28
221,2017-06-08,2017,6,Bronx,Williamsbridge Oval,basketball,28
222,2017-06-08,2017,6,Bronx,Williamsbridge Oval,football,28
223,2017-06-08,2017,6,Bronx,Williamsbridge Oval,table tennis,28
224,2017-06-08,2017,6,Bronx,Williamsbridge Oval,kickball,28
225,2017-06-09,2017,6,Bronx,Williamsbridge Oval,soccer,27
226,2017-06-09,2017,6,Bronx,Williamsbridge Oval,basketball,27
227,2017-06-09,2017,6,Bronx,Williamsbridge Oval,football,27
228,2017-06-09,2017,6,Bronx,Williamsbridge Oval,table tennis,27
229,2017-06-09,2017,6,Bronx,Williamsbridge Oval,kickball,27
230,2017-06-10,2017,6,Bronx,Williamsbridge Oval,soccer,20
231,2017-06-10,2017,6,Bronx,Williamsbridge Oval,basketball,20
232,2017-06-10,2017,6,Bronx,Williamsbridge Oval,football,20
233,2017-06-10,2017,6,Bronx,Williamsbridge Oval,table tennis,20
234,2017-06-10,2017,6,Bronx,Williamsbridge Oval,kickball,20
235,2017-06-13,2017,6,Bronx,Williamsbridge Oval,soccer,13
236,2017-06-13,2017,6,Bronx,Williamsbridge Oval,basketball,13
237,2017-06-13,2017,6,Bronx,Williamsbridge Oval,football,13
238,2017-06-13,2017,6,Bronx,Williamsbridge Oval,table tennis,13
239,2017-06-13,2017,6,Bronx,Williamsbridge Oval,kickball,13
240,2017-06-14,2017,6,Bronx,Williamsbridge Oval,soccer,20
241,2017-06-14,2017,6,Bronx,Williamsbridge Oval,basketball,20
242,2017-06-14,2017,6,Bronx,Williamsbridge Oval,football,20
243,2017-06-14,2017,6,Bronx,Williamsbridge Oval,table tennis,20
244,2017-06-14,2017,6,Bronx,Williamsbridge Oval,kickball,20
245,2017-06-15,2017,6,Bronx,Williamsbridge Oval,soccer,23
246,2017-06-15,2017,6,Bronx,Williamsbridge Oval,basketball,23
247,2017-06-15,2017,6,Bronx,Williamsbridge Oval,football,23
248,2017-06-15,2017,6,Bronx,Williamsbridge Oval,table tennis,23
249,2017-06-15,2017,6,Bronx,Williamsbridge Oval,kickball,23
250,2017-06-16,2017,6,Bronx,Williamsbridge Oval,soccer,22
251,2017-06-16,2017,6,Bronx,Williamsbridge Oval,basketball,22
252,2017-06-16,2017,6,Bronx,Williamsbridge Oval,football,22
253,2017-06-16,2017,6,Bronx,Williamsbridge Oval,table tennis,22
254,2017-06-16,2017,6,Bronx,Williamsbridge Oval,kickball,22
255,2017-06-17,2017,6,Bronx,Williamsbridge Oval,soccer,12
256,2017-06-17,2017,6,Bronx,Williamsbridge Oval,basketball,12
257,2017-06-17,2017,6,Bronx,Williamsbridge Oval,football,12
258,2017-06-17,2017,6,Bronx,Williamsbridge Oval,table tennis,12
259,2017-06-17,2017,6,Bronx,Williamsbridge Oval,kickball,12
260,2017-06-20,2017,6,Bronx,Williamsbridge Oval,soccer,41
261,2017-06-20,2017,6,Bronx,Williamsbridge Oval,basketball,41
262,2017-06-20,2017,6,Bronx,Williamsbridge Oval,football,41
263,2017-06-20,2017,6,Bronx,Williamsbridge Oval,track,41
264,2017-06-20,2017,6,Bronx,Williamsbridge Oval,table tennis,41
265,2017-06-20,2017,6,Bronx,Williamsbridge Oval,baseball,41
266,2017-06-20,2017,6,Bronx,Williamsbridge Oval,group games,41
267,2017-06-21,2017,6,Bronx,Williamsbridge Oval,soccer,30
268,2017-06-21,2017,6,Bronx,Williamsbridge Oval,basketball,30
269,2017-06-21,2017,6,Bronx,Williamsbridge Oval,football,30
270,2017-06-21,2017,6,Bronx,Williamsbridge Oval,track,30
271,2017-06-21,2017,6,Bronx,Williamsbridge Oval,table tennis,30
272,2017-06-21,2017,6,Bronx,Williamsbridge Oval,baseball,30
273,2017-06-21,2017,6,Bronx,Williamsbridge Oval,group games,30
274,2017-06-22,2017,6,Bronx,Williamsbridge Oval,soccer,39
275,2017-06-22,2017,6,Bronx,Williamsbridge Oval,basketball,39
276,2017-06-22,2017,6,Bronx,Williamsbridge Oval,football,39
277,2017-06-22,2017,6,Bronx,Williamsbridge Oval,track,39
278,2017-06-22,2017,6,Bronx,Williamsbridge Oval,table tennis,39
279,2017-06-22,2017,6,Bronx,Williamsbridge Oval,baseball,39
280,2017-06-22,2017,6,Bronx,Williamsbridge Oval,group games,39
281,2017-06-23,2017,6,Bronx,Williamsbridge Oval,soccer,32
282,2017-06-23,2017,6,Bronx,Williamsbridge Oval,basketball,32
283,2017-06-23,2017,6,Bronx,Williamsbridge Oval,football,32
284,2017-06-23,2017,6,Bronx,Williamsbridge Oval,track,32
285,2017-06-23,2017,6,Bronx,Williamsbridge Oval,table tennis,32
286,2017-06-23,2017,6,Bronx,Williamsbridge Oval,baseball,32
287,2017-06-23,2017,6,Bronx,Williamsbridge Oval,group games,32
288,2017-06-24,2017,6,Bronx,Williamsbridge Oval,soccer,30
289,2017-06-24,2017,6,Bronx,Williamsbridge Oval,basketball,30
290,2017-06-24,2017,6,Bronx,Williamsbridge Oval,football,30
291,2017-06-24,2017,6,Bronx,Williamsbridge Oval,track,30
292,2017-06-24,2017,6,Bronx,Williamsbridge Oval,table tennis,30
293,2017-06-24,2017,6,Bronx,Williamsbridge Oval,baseball,30
294,2017-06-24,2017,6,Bronx,Williamsbridge Oval,group games,30
295,2017-06-26,2017,6,Queens,Playground for All Children,soccer,575
296,2017-06-26,2017,6,Queens,Playground for All Children,basketball,575
297,2017-06-26,2017,6,Queens,Playground for All Children,frisbee,575
298,2017-06-26,2017,6,Queens,Playground for All Children,softball,575
299,2017-06-26,2017,6,Queens,Playground for All Children,rugby,575
300,2017-06-27,2017,6,Queens,Playground for All Children,soccer,450
301,2017-06-27,2017,6,Queens,Playground for All Children,basketball,450
302,2017-06-27,2017,6,Queens,Playground for All Children,frisbee,450
303,2017-06-27,2017,6,Queens,Playground for All Children,softball,450
304,2017-06-27,2017,6,Queens,Playground for All Children,rugby,450
305,2017-06-28,2017,6,Queens,Playground for All Children,soccer,600
306,2017-06-28,2017,6,Queens,Playground for All Children,basketball,600
307,2017-06-28,2017,6,Queens,Playground for All Children,frisbee,600
308,2017-06-28,2017,6,Queens,Playground for All Children,softball,600
309,2017-06-28,2017,6,Queens,Playground for All Children,rugby,600
310,2017-06-29,2017,6,Queens,Playground for All Children,soccer,680
311,2017-06-29,2017,6,Queens,Playground for All Children,basketball,680
312,2017-06-29,2017,6,Queens,Playground for All Children,frisbee,680
313,2017-06-29,2017,6,Queens,Playground for All Children,softball,680
314,2017-06-29,2017,6,Queens,Playground for All Children,rugby,680
315,2017-06-30,2017,6,Queens,Playground for All Children,soccer,675
316,2017-06-30,2017,6,Queens,Playground for All Children,basketball,675
317,2017-06-30,2017,6,Queens,Playground for All Children,frisbee,675
318,2017-06-30,2017,6,Queens,Playground for All Children,softball,675
319,2017-06-30,2017,6,Queens,Playground for All Children,rugby,675
320,2017-07-08,2017,7,Brooklyn,Sunset Park,basketball,13
321,2017-07-09,2017,7,Brooklyn,Sunset Park,basketball,18
322,2017-07-10,2017,7,Brooklyn,Sunset Park,basketball,23
323,2017-07-08,2017,7,Brooklyn,Sunset Park,soccer,12
324,2017-07-09,2017,7,Brooklyn,Sunset Park,soccer,32
325,2017-07-10,2017,7,Brooklyn,Sunset Park,soccer,17
326,2017-07-08,2017,7,Brooklyn,Sunset Park,volleyball,13
327,2017-07-09,2017,7,Brooklyn,Sunset Park,volleyball,26
328,2017-07-08,2017,7,Brooklyn,Sunset Park,field games,8
329,2017-07-10,2017,7,Brooklyn,Sunset Park,field games,9
330,2017-07-10,2017,7,Brooklyn,Sunset Park,softball,14
331,2017-07-09,2017,7,Brooklyn,Sunset Park,flag football,21
332,2017-07-09,2017,7,Brooklyn,Sunset Park,kickball,20
333,2017-06-27,2017,6,Bronx,Williamsbridge Oval,soccer,45
334,2017-06-27,2017,6,Bronx,Williamsbridge Oval,basketball,45
335,2017-06-27,2017,6,Bronx,Williamsbridge Oval,table tennis,45
336,2017-06-27,2017,6,Bronx,Williamsbridge Oval,kickball,45
337,2017-06-27,2017,6,Bronx,Williamsbridge Oval,baseball,45
338,2017-06-27,2017,6,Bronx,Williamsbridge Oval,flag football,45
339,2017-06-28,2017,6,Bronx,Williamsbridge Oval,soccer,60
340,2017-06-28,2017,6,Bronx,Williamsbridge Oval,basketball,60
341,2017-06-28,2017,6,Bronx,Williamsbridge Oval,table tennis,60
342,2017-06-28,2017,6,Bronx,Williamsbridge Oval,kickball,60
343,2017-06-28,2017,6,Bronx,Williamsbridge Oval,baseball,60
344,2017-06-28,2017,6,Bronx,Williamsbridge Oval,flag football,60
345,2017-06-29,2017,6,Bronx,Williamsbridge Oval,soccer,42
346,2017-06-29,2017,6,Bronx,Williamsbridge Oval,basketball,42
347,2017-06-29,2017,6,Bronx,Williamsbridge Oval,table tennis,42
348,2017-06-29,2017,6,Bronx,Williamsbridge Oval,kickball,42
349,2017-06-29,2017,6,Bronx,Williamsbridge Oval,baseball,42
350,2017-06-29,2017,6,Bronx,Williamsbridge Oval,flag football,42
351,2017-06-30,2017,6,Bronx,Williamsbridge Oval,soccer,36
352,2017-06-30,2017,6,Bronx,Williamsbridge Oval,basketball,36
353,2017-06-30,2017,6,Bronx,Williamsbridge Oval,table tennis,36
354,2017-06-30,2017,6,Bronx,Williamsbridge Oval,kickball,36
355,2017-06-30,2017,6,Bronx,Williamsbridge Oval,baseball,36
356,2017-06-30,2017,6,Bronx,Williamsbridge Oval,flag football,36
357,2017-07-01,2017,7,Bronx,Williamsbridge Oval,soccer,47
358,2017-07-01,2017,7,Bronx,Williamsbridge Oval,basketball,47
359,2017-07-01,2017,7,Bronx,Williamsbridge Oval,table tennis,47
360,2017-07-01,2017,7,Bronx,Williamsbridge Oval,kickball,47
361,2017-07-01,2017,7,Bronx,Williamsbridge Oval,baseball,47
362,2017-07-01,2017,7,Bronx,Williamsbridge Oval,flag football,47
363,2017-07-03,2017,7,Queens,Playground for All Children,basketball,550
364,2017-07-03,2017,7,Queens,Playground for All Children,rugby,550
365,2017-07-03,2017,7,Queens,Playground for All Children,dodgeball,550
366,2017-07-03,2017,7,Queens,Playground for All Children,baseball,550
367,2017-07-04,2017,7,Queens,Playground for All Children,basketball,450
368,2017-07-04,2017,7,Queens,Playground for All Children,rugby,450
369,2017-07-04,2017,7,Queens,Playground for All Children,dodgeball,450
370,2017-07-04,2017,7,Queens,Playground for All Children,baseball,450
371,2017-07-05,2017,7,Queens,Playground for All Children,basketball,500
372,2017-07-05,2017,7,Queens,Playground for All Children,rugby,500
373,2017-07-05,2017,7,Queens,Playground for All Children,dodgeball,500
374,2017-07-05,2017,7,Queens,Playground for All Children,baseball,500
375,2017-07-06,2017,7,Queens,Playground for All Children,basketball,400
376,2017-07-06,2017,7,Queens,Playground for All Children,rugby,400
377,2017-07-06,2017,7,Queens,Playground for All Children,dodgeball,400
378,2017-07-06,2017,7,Queens,Playground for All Children,baseball,400
379,2017-07-07,2017,7,Queens,Playground for All Children,basketball,100
380,2017-07-07,2017,7,Queens,Playground for All Children,rugby,100
381,2017-07-07,2017,7,Queens,Playground for All Children,dodgeball,100
382,2017-07-07,2017,7,Queens,Playground for All Children,baseball,100
383,2017-07-08,2017,7,Queens,Playground for All Children,basketball,600
384,2017-07-08,2017,7,Queens,Playground for All Children,rugby,600
385,2017-07-08,2017,7,Queens,Playground for All Children,dodgeball,600
386,2017-07-08,2017,7,Queens,Playground for All Children,baseball,600
387,2017-07-11,2017,7,Brooklyn,Sunset Park,basketball,31
388,2017-07-11,2017,7,Brooklyn,Sunset Park,track,29
389,2017-07-11,2017,7,Brooklyn,Sunset Park,soccer,23
390,2017-07-11,2017,7,Brooklyn,Sunset Park,volleyball,19
391,2017-07-11,2017,7,Brooklyn,Sunset Park,field games,18
392,2017-07-13,2017,7,Brooklyn,Sunset Park,basketball,27
393,2017-07-13,2017,7,Brooklyn,Sunset Park,kickball,22
394,2017-07-13,2017,7,Brooklyn,Sunset Park,soccer,24
395,2017-07-13,2017,7,Brooklyn,Sunset Park,softball,24
396,2017-07-13,2017,7,Brooklyn,Sunset Park,flag football,15
397,2017-07-15,2017,7,Brooklyn,Sunset Park,basketball,17
398,2017-07-15,2017,7,Brooklyn,Sunset Park,track,18
399,2017-07-15,2017,7,Brooklyn,Sunset Park,free play,20
400,2017-07-15,2017,7,Brooklyn,Sunset Park,field games,14
401,2017-07-15,2017,7,Brooklyn,Sunset Park,zumba,14
402,2017-07-05,2017,7,Bronx,Williamsbridge Oval,soccer,46
403,2017-07-05,2017,7,Bronx,Williamsbridge Oval,basketball,46
404,2017-07-05,2017,7,Bronx,Williamsbridge Oval,table tennis,46
405,2017-07-05,2017,7,Bronx,Williamsbridge Oval,kickball,46
406,2017-07-05,2017,7,Bronx,Williamsbridge Oval,flag football,46
407,2017-07-06,2017,7,Bronx,Williamsbridge Oval,soccer,42
408,2017-07-06,2017,7,Bronx,Williamsbridge Oval,basketball,42
409,2017-07-06,2017,7,Bronx,Williamsbridge Oval,table tennis,42
410,2017-07-06,2017,7,Bronx,Williamsbridge Oval,kickball,42
411,2017-07-06,2017,7,Bronx,Williamsbridge Oval,flag football,42
412,2017-07-07,2017,7,Bronx,Williamsbridge Oval,soccer,15
413,2017-07-07,2017,7,Bronx,Williamsbridge Oval,basketball,15
414,2017-07-07,2017,7,Bronx,Williamsbridge Oval,table tennis,15
415,2017-07-07,2017,7,Bronx,Williamsbridge Oval,kickball,15
416,2017-07-07,2017,7,Bronx,Williamsbridge Oval,flag football,15
417,2017-07-08,2017,7,Bronx,Williamsbridge Oval,soccer,20
418,2017-07-08,2017,7,Bronx,Williamsbridge Oval,basketball,20
419,2017-07-08,2017,7,Bronx,Williamsbridge Oval,table tennis,20
420,2017-07-08,2017,7,Bronx,Williamsbridge Oval,kickball,20
421,2017-07-08,2017,7,Bronx,Williamsbridge Oval,flag football,20
422,2017-07-17,2017,7,Brooklyn,Sunset Park,field games,20
423,2017-07-17,2017,7,Brooklyn,Sunset Park,soccer,22
424,2017-07-17,2017,7,Brooklyn,Sunset Park,basketball,24
425,2017-07-17,2017,7,Brooklyn,Sunset Park,kickball,22
426,2017-07-19,2017,7,Brooklyn,Sunset Park,basketball,12
427,2017-07-19,2017,7,Brooklyn,Sunset Park,track,13
428,2017-07-19,2017,7,Brooklyn,Sunset Park,soccer,19
429,2017-07-19,2017,7,Brooklyn,Sunset Park,field games,17
430,2017-07-19,2017,7,Brooklyn,Sunset Park,softball,17
431,2017-07-10,2017,7,Queens,Playground for All Children,soccer,520
432,2017-07-10,2017,7,Queens,Playground for All Children,basketball,520
433,2017-07-10,2017,7,Queens,Playground for All Children,frisbee,520
434,2017-07-10,2017,7,Queens,Playground for All Children,rugby,520
435,2017-07-10,2017,7,Queens,Playground for All Children,dodgeball,520
436,2017-07-11,2017,7,Queens,Playground for All Children,soccer,650
437,2017-07-11,2017,7,Queens,Playground for All Children,basketball,650
438,2017-07-11,2017,7,Queens,Playground for All Children,frisbee,650
439,2017-07-11,2017,7,Queens,Playground for All Children,rugby,650
440,2017-07-11,2017,7,Queens,Playground for All Children,dodgeball,650
441,2017-07-12,2017,7,Queens,Playground for All Children,soccer,355
442,2017-07-12,2017,7,Queens,Playground for All Children,basketball,355
443,2017-07-12,2017,7,Queens,Playground for All Children,frisbee,355
444,2017-07-12,2017,7,Queens,Playground for All Children,rugby,355
445,2017-07-12,2017,7,Queens,Playground for All Children,dodgeball,355
446,2017-07-13,2017,7,Queens,Playground for All Children,soccer,525
447,2017-07-13,2017,7,Queens,Playground for All Children,basketball,525
448,2017-07-13,2017,7,Queens,Playground for All Children,frisbee,525
449,2017-07-13,2017,7,Queens,Playground for All Children,rugby,525
450,2017-07-13,2017,7,Queens,Playground for All Children,dodgeball,525
451,2017-07-15,2017,7,Queens,Playground for All Children,soccer,375
452,2017-07-15,2017,7,Queens,Playground for All Children,basketball,375
453,2017-07-15,2017,7,Queens,Playground for All Children,frisbee,375
454,2017-07-15,2017,7,Queens,Playground for All Children,rugby,375
455,2017-07-15,2017,7,Queens,Playground for All Children,dodgeball,375
456,2017-07-11,2017,7,Bronx,Williamsbridge Oval,soccer,54
457,2017-07-11,2017,7,Bronx,Williamsbridge Oval,basketball,54
458,2017-07-11,2017,7,Bronx,Williamsbridge Oval,kickball,54
459,2017-07-11,2017,7,Bronx,Williamsbridge Oval,flag football,54
460,2017-07-12,2017,7,Bronx,Williamsbridge Oval,soccer,45
461,2017-07-12,2017,7,Bronx,Williamsbridge Oval,basketball,45
462,2017-07-12,2017,7,Bronx,Williamsbridge Oval,kickball,45
463,2017-07-12,2017,7,Bronx,Williamsbridge Oval,flag football,45
464,2017-07-13,2017,7,Bronx,Williamsbridge Oval,soccer,47
465,2017-07-13,2017,7,Bronx,Williamsbridge Oval,basketball,47
466,2017-07-13,2017,7,Bronx,Williamsbridge Oval,kickball,47
467,2017-07-13,2017,7,Bronx,Williamsbridge Oval,flag football,47
468,2017-07-18,2017,7,Brooklyn,Sunset Park,basketball,23
469,2017-07-20,2017,7,Brooklyn,Sunset Park,basketball,22
470,2017-07-22,2017,7,Brooklyn,Sunset Park,basketball,29
471,2017-07-24,2017,7,Brooklyn,Sunset Park,basketball,18
472,2017-07-18,2017,7,Brooklyn,Sunset Park,track,18
473,2017-07-22,2017,7,Brooklyn,Sunset Park,track,25
474,2017-07-18,2017,7,Brooklyn,Sunset Park,soccer,30
475,2017-07-20,2017,7,Brooklyn,Sunset Park,soccer,20
476,2017-07-24,2017,7,Brooklyn,Sunset Park,soccer,21
477,2017-07-18,2017,7,Brooklyn,Sunset Park,volleyball,21
478,2017-07-24,2017,7,Brooklyn,Sunset Park,volleyball,13
479,2017-07-18,2017,7,Brooklyn,Sunset Park,field games,21
480,2017-07-20,2017,7,Brooklyn,Sunset Park,field games,13
481,2017-07-22,2017,7,Brooklyn,Sunset Park,field games,8
482,2017-07-20,2017,7,Brooklyn,Sunset Park,softball,14
483,2017-07-22,2017,7,Brooklyn,Sunset Park,rugby,14
484,2017-07-22,2017,7,Brooklyn,Sunset Park,zumba,13
485,2017-07-20,2017,7,Brooklyn,Sunset Park,kickball,16
486,2017-07-24,2017,7,Brooklyn,Sunset Park,kickball,18
487,2017-07-26,2017,7,Brooklyn,Sunset Park,softball,11
488,2017-07-26,2017,7,Brooklyn,Sunset Park,track,21
489,2017-07-26,2017,7,Brooklyn,Sunset Park,soccer,14
490,2017-07-26,2017,7,Brooklyn,Sunset Park,basketball,23
491,2017-07-17,2017,7,Queens,Playground for All Children,soccer,520
492,2017-07-17,2017,7,Queens,Playground for All Children,frisbee,520
493,2017-07-17,2017,7,Queens,Playground for All Children,softball,520
494,2017-07-17,2017,7,Queens,Playground for All Children,rugby,520
495,2017-07-17,2017,7,Queens,Playground for All Children,paddle ball,520
496,2017-07-18,2017,7,Queens,Playground for All Children,soccer,450
497,2017-07-18,2017,7,Queens,Playground for All Children,frisbee,450
498,2017-07-18,2017,7,Queens,Playground for All Children,softball,450
499,2017-07-18,2017,7,Queens,Playground for All Children,rugby,450
500,2017-07-18,2017,7,Queens,Playground for All Children,paddle ball,450
501,2017-07-19,2017,7,Queens,Playground for All Children,soccer,355
502,2017-07-19,2017,7,Queens,Playground for All Children,frisbee,355
503,2017-07-19,2017,7,Queens,Playground for All Children,softball,355
504,2017-07-19,2017,7,Queens,Playground for All Children,rugby,355
505,2017-07-19,2017,7,Queens,Playground for All Children,paddle ball,355
506,2017-07-20,2017,7,Queens,Playground for All Children,soccer,425
507,2017-07-20,2017,7,Queens,Playground for All Children,frisbee,425
508,2017-07-20,2017,7,Queens,Playground for All Children,softball,425
509,2017-07-20,2017,7,Queens,Playground for All Children,rugby,425
510,2017-07-20,2017,7,Queens,Playground for All Children,paddle ball,425
511,2017-07-22,2017,7,Queens,Playground for All Children,soccer,375
512,2017-07-22,2017,7,Queens,Playground for All Children,frisbee,375
513,2017-07-22,2017,7,Queens,Playground for All Children,softball,375
514,2017-07-22,2017,7,Queens,Playground for All Children,rugby,375
515,2017-07-22,2017,7,Queens,Playground for All Children,paddle ball,375
516,2017-07-25,2017,7,Brooklyn,Sunset Park,track,7
517,2017-07-25,2017,7,Brooklyn,Sunset Park,soccer,30
518,2017-07-25,2017,7,Brooklyn,Sunset Park,volleyball,11
519,2017-07-25,2017,7,Brooklyn,Sunset Park,field games,8
520,2017-07-27,2017,7,Brooklyn,Sunset Park,basketball,31
521,2017-07-27,2017,7,Brooklyn,Sunset Park,soccer,22
522,2017-07-27,2017,7,Brooklyn,Sunset Park,softball,19
523,2017-07-27,2017,7,Brooklyn,Sunset Park,flag football,17
524,2017-07-27,2017,7,Brooklyn,Sunset Park,kickball,25
525,2017-07-29,2017,7,Brooklyn,Sunset Park,basketball,31
526,2017-07-29,2017,7,Brooklyn,Sunset Park,track,23
527,2017-07-29,2017,7,Brooklyn,Sunset Park,soccer,14
528,2017-07-29,2017,7,Brooklyn,Sunset Park,softball,17
529,2017-07-29,2017,7,Brooklyn,Sunset Park,field games,14
530,2017-07-18,2017,7,Bronx,Williamsbridge Oval,soccer,47
531,2017-07-18,2017,7,Bronx,Williamsbridge Oval,basketball,47
532,2017-07-18,2017,7,Bronx,Williamsbridge Oval,kickball,47
533,2017-07-18,2017,7,Bronx,Williamsbridge Oval,flag football,47
534,2017-07-19,2017,7,Bronx,Williamsbridge Oval,soccer,48
535,2017-07-19,2017,7,Bronx,Williamsbridge Oval,basketball,48
536,2017-07-19,2017,7,Bronx,Williamsbridge Oval,kickball,48
537,2017-07-19,2017,7,Bronx,Williamsbridge Oval,flag football,48
538,2017-07-20,2017,7,Bronx,Williamsbridge Oval,soccer,74
539,2017-07-20,2017,7,Bronx,Williamsbridge Oval,basketball,74
540,2017-07-20,2017,7,Bronx,Williamsbridge Oval,kickball,74
541,2017-07-20,2017,7,Bronx,Williamsbridge Oval,flag football,74
542,2017-07-21,2017,7,Bronx,Williamsbridge Oval,soccer,46
543,2017-07-21,2017,7,Bronx,Williamsbridge Oval,basketball,46
544,2017-07-21,2017,7,Bronx,Williamsbridge Oval,kickball,46
545,2017-07-21,2017,7,Bronx,Williamsbridge Oval,flag football,46
546,2017-07-22,2017,7,Bronx,Williamsbridge Oval,soccer,55
547,2017-07-22,2017,7,Bronx,Williamsbridge Oval,basketball,55
548,2017-07-22,2017,7,Bronx,Williamsbridge Oval,kickball,55
549,2017-07-22,2017,7,Bronx,Williamsbridge Oval,flag football,55
550,2017-07-31,2017,7,Brooklyn,Sunset Park,flag football,17
551,2017-07-31,2017,7,Brooklyn,Sunset Park,basketball,26
552,2017-07-31,2017,7,Brooklyn,Sunset Park,red bull soccer clinic,38
553,2017-07-31,2017,7,Brooklyn,Sunset Park,red bull soccer clinic,24
554,2017-07-31,2017,7,Brooklyn,Sunset Park,volleyball,17
555,2017-07-25,2017,7,Queens,Playground for All Children,soccer,330
556,2017-07-25,2017,7,Queens,Playground for All Children,basketball,330
557,2017-07-25,2017,7,Queens,Playground for All Children,rugby,330
558,2017-07-25,2017,7,Queens,Playground for All Children,dodgeball,330
559,2017-07-25,2017,7,Queens,Playground for All Children,paddle ball,330
560,2017-07-26,2017,7,Queens,Playground for All Children,soccer,250
561,2017-07-26,2017,7,Queens,Playground for All Children,basketball,250
562,2017-07-26,2017,7,Queens,Playground for All Children,rugby,250
563,2017-07-26,2017,7,Queens,Playground for All Children,dodgeball,250
564,2017-07-26,2017,7,Queens,Playground for All Children,paddle ball,250
565,2017-07-27,2017,7,Queens,Playground for All Children,soccer,230
566,2017-07-27,2017,7,Queens,Playground for All Children,basketball,230
567,2017-07-27,2017,7,Queens,Playground for All Children,rugby,230
568,2017-07-27,2017,7,Queens,Playground for All Children,dodgeball,230
569,2017-07-27,2017,7,Queens,Playground for All Children,paddle ball,230
570,2017-07-28,2017,7,Queens,Playground for All Children,soccer,300
571,2017-07-28,2017,7,Queens,Playground for All Children,basketball,300
572,2017-07-28,2017,7,Queens,Playground for All Children,rugby,300
573,2017-07-28,2017,7,Queens,Playground for All Children,dodgeball,300
574,2017-07-28,2017,7,Queens,Playground for All Children,paddle ball,300
575,2017-07-29,2017,7,Queens,Playground for All Children,soccer,250
576,2017-07-29,2017,7,Queens,Playground for All Children,basketball,250
577,2017-07-29,2017,7,Queens,Playground for All Children,rugby,250
578,2017-07-29,2017,7,Queens,Playground for All Children,dodgeball,250
579,2017-07-29,2017,7,Queens,Playground for All Children,paddle ball,250
580,2017-08-01,2017,8,Brooklyn,Sunset Park,volleyball,21
581,2017-08-01,2017,8,Brooklyn,Sunset Park,soccer,24
582,2017-08-01,2017,8,Brooklyn,Sunset Park,field games,19
583,2017-08-01,2017,8,Brooklyn,Sunset Park,track,28
584,2017-08-01,2017,8,Brooklyn,Sunset Park,basketball,35
585,2017-09-02,2017,9,Brooklyn,Sunset Park,track,30
586,2017-09-02,2017,9,Brooklyn,Sunset Park,flag football,16
587,2017-09-02,2017,9,Brooklyn,Sunset Park,basketball,33
588,2017-09-02,2017,9,Brooklyn,Sunset Park,soccer,21
589,2017-09-02,2017,9,Brooklyn,Sunset Park,softball,16
590,2017-07-25,2017,7,Bronx,Williamsbridge Oval,soccer,41
591,2017-07-25,2017,7,Bronx,Williamsbridge Oval,basketball,41
592,2017-07-25,2017,7,Bronx,Williamsbridge Oval,kickball,41
593,2017-07-25,2017,7,Bronx,Williamsbridge Oval,group games,41
594,2017-07-25,2017,7,Bronx,Williamsbridge Oval,flag football,41
595,2017-07-27,2017,7,Bronx,Williamsbridge Oval,soccer,56
596,2017-07-27,2017,7,Bronx,Williamsbridge Oval,basketball,56
597,2017-07-27,2017,7,Bronx,Williamsbridge Oval,kickball,56
598,2017-07-27,2017,7,Bronx,Williamsbridge Oval,group games,56
599,2017-07-27,2017,7,Bronx,Williamsbridge Oval,flag football,56
600,2017-07-28,2017,7,Bronx,Williamsbridge Oval,soccer,98
601,2017-07-28,2017,7,Bronx,Williamsbridge Oval,basketball,98
602,2017-07-28,2017,7,Bronx,Williamsbridge Oval,kickball,98
603,2017-07-28,2017,7,Bronx,Williamsbridge Oval,group games,98
604,2017-07-28,2017,7,Bronx,Williamsbridge Oval,flag football,98
605,2017-08-03,2017,8,Brooklyn,Sunset Park,softball,17
606,2017-08-03,2017,8,Brooklyn,Sunset Park,soccer,22
607,2017-08-03,2017,8,Brooklyn,Sunset Park,kickball,28
608,2017-08-03,2017,8,Brooklyn,Sunset Park,basketball,34
609,2017-07-13,2017,7,Staten Island,CPL. Thompson Park,frisbee,17
610,2017-07-13,2017,7,Staten Island,CPL. Thompson Park,softball,17
611,2017-07-13,2017,7,Staten Island,CPL. Thompson Park,kickball,17
612,2017-07-13,2017,7,Staten Island,CPL. Thompson Park,wiffleball,17
613,2017-07-16,2017,7,Staten Island,CPL. Thompson Park,frisbee,11
614,2017-07-16,2017,7,Staten Island,CPL. Thompson Park,softball,11
615,2017-07-16,2017,7,Staten Island,CPL. Thompson Park,kickball,11
616,2017-07-16,2017,7,Staten Island,CPL. Thompson Park,wiffleball,11
617,2017-07-13,2017,7,Staten Island,Dugan Playground,softball,14
618,2017-07-13,2017,7,Staten Island,Dugan Playground,kickball,14
619,2017-07-13,2017,7,Staten Island,Dugan Playground,wiffleball,14
620,2017-07-13,2017,7,Staten Island,Schmul Park,basketball,48
621,2017-07-13,2017,7,Staten Island,Schmul Park,softball,48
622,2017-07-13,2017,7,Staten Island,Schmul Park,kickball,48
623,2017-07-13,2017,7,Staten Island,Schmul Park,wiffleball,48
624,2017-07-15,2017,7,Staten Island,Schmul Park,basketball,7
625,2017-07-15,2017,7,Staten Island,Schmul Park,softball,7
626,2017-07-15,2017,7,Staten Island,Schmul Park,kickball,7
627,2017-07-15,2017,7,Staten Island,Schmul Park,wiffleball,7
628,2017-07-17,2017,7,Staten Island,Schmul Park,basketball,287
629,2017-07-17,2017,7,Staten Island,Schmul Park,softball,287
630,2017-07-17,2017,7,Staten Island,Schmul Park,kickball,287
631,2017-07-17,2017,7,Staten Island,Schmul Park,wiffleball,287
632,2017-07-14,2017,7,Staten Island,Cedar Grove,volleyball,6
633,2017-07-14,2017,7,Staten Island,Midland Beach,volleyball,24
634,2017-07-14,2017,7,Staten Island,Midland Beach,spikeball,24
635,2017-08-05,2017,8,Brooklyn,Sunset Park,flag football,17
636,2017-08-05,2017,8,Brooklyn,Sunset Park,basketball,23
637,2017-08-05,2017,8,Brooklyn,Sunset Park,track,18
638,2017-08-05,2017,8,Brooklyn,Sunset Park,frisbee,17
639,2017-08-05,2017,8,Brooklyn,Sunset Park,zumba,15
640,2017-08-07,2017,8,Brooklyn,Sunset Park,field games,17
641,2017-08-07,2017,8,Brooklyn,Sunset Park,volleyball,18
642,2017-08-07,2017,8,Brooklyn,Sunset Park,basketball,33
643,2017-08-07,2017,8,Brooklyn,Sunset Park,kickball,25
644,2017-08-07,2017,8,Brooklyn,Sunset Park,soccer,22
645,2017-08-09,2017,8,Brooklyn,Sunset Park,softball,14
646,2017-08-09,2017,8,Brooklyn,Sunset Park,track,14
647,2017-08-09,2017,8,Brooklyn,Sunset Park,flag football,14
648,2017-07-31,2017,7,Queens,Playground for All Children,soccer,330
649,2017-07-31,2017,7,Queens,Playground for All Children,basketball,330
650,2017-07-31,2017,7,Queens,Playground for All Children,dodgeball,330
651,2017-07-31,2017,7,Queens,Playground for All Children,paddle ball,330
652,2017-08-01,2017,8,Queens,Playground for All Children,soccer,275
653,2017-08-01,2017,8,Queens,Playground for All Children,basketball,275
654,2017-08-01,2017,8,Queens,Playground for All Children,dodgeball,275
655,2017-08-01,2017,8,Queens,Playground for All Children,paddle ball,275
656,2017-08-02,2017,8,Queens,Playground for All Children,soccer,310
657,2017-08-02,2017,8,Queens,Playground for All Children,basketball,310
658,2017-08-02,2017,8,Queens,Playground for All Children,dodgeball,310
659,2017-08-02,2017,8,Queens,Playground for All Children,paddle ball,310
660,2017-08-03,2017,8,Queens,Playground for All Children,soccer,300
661,2017-08-03,2017,8,Queens,Playground for All Children,basketball,300
662,2017-08-03,2017,8,Queens,Playground for All Children,dodgeball,300
663,2017-08-03,2017,8,Queens,Playground for All Children,paddle ball,300
664,2017-08-04,2017,8,Queens,Playground for All Children,soccer,265
665,2017-08-04,2017,8,Queens,Playground for All Children,basketball,265
666,2017-08-04,2017,8,Queens,Playground for All Children,dodgeball,265
667,2017-08-04,2017,8,Queens,Playground for All Children,paddle ball,265
668,2017-08-05,2017,8,Queens,Playground for All Children,soccer,310
669,2017-08-05,2017,8,Queens,Playground for All Children,basketball,310
670,2017-08-05,2017,8,Queens,Playground for All Children,dodgeball,310
671,2017-08-05,2017,8,Queens,Playground for All Children,paddle ball,310
672,2017-08-08,2017,8,Brooklyn,Sunset Park,field games,13
673,2017-08-08,2017,8,Brooklyn,Sunset Park,track,14
674,2017-08-08,2017,8,Brooklyn,Sunset Park,soccer,16
675,2017-08-08,2017,8,Brooklyn,Sunset Park,volleyball,14
676,2017-08-01,2017,8,Bronx,Williamsbridge Oval,soccer,66
677,2017-08-01,2017,8,Bronx,Williamsbridge Oval,basketball,66
678,2017-08-01,2017,8,Bronx,Williamsbridge Oval,track,66
679,2017-08-01,2017,8,Bronx,Williamsbridge Oval,kickball,66
680,2017-08-01,2017,8,Bronx,Williamsbridge Oval,flag football,66
681,2017-08-02,2017,8,Bronx,Williamsbridge Oval,soccer,41
682,2017-08-02,2017,8,Bronx,Williamsbridge Oval,basketball,41
683,2017-08-02,2017,8,Bronx,Williamsbridge Oval,track,41
684,2017-08-02,2017,8,Bronx,Williamsbridge Oval,kickball,41
685,2017-08-02,2017,8,Bronx,Williamsbridge Oval,flag football,41
686,2017-08-03,2017,8,Bronx,Williamsbridge Oval,soccer,80
687,2017-08-03,2017,8,Bronx,Williamsbridge Oval,basketball,80
688,2017-08-03,2017,8,Bronx,Williamsbridge Oval,track,80
689,2017-08-03,2017,8,Bronx,Williamsbridge Oval,kickball,80
690,2017-08-03,2017,8,Bronx,Williamsbridge Oval,flag football,80
691,2017-08-04,2017,8,Bronx,Williamsbridge Oval,soccer,55
692,2017-08-04,2017,8,Bronx,Williamsbridge Oval,basketball,55
693,2017-08-04,2017,8,Bronx,Williamsbridge Oval,track,55
694,2017-08-04,2017,8,Bronx,Williamsbridge Oval,kickball,55
695,2017-08-04,2017,8,Bronx,Williamsbridge Oval,flag football,55
696,2017-08-05,2017,8,Bronx,Williamsbridge Oval,soccer,15
697,2017-08-05,2017,8,Bronx,Williamsbridge Oval,basketball,15
698,2017-08-05,2017,8,Bronx,Williamsbridge Oval,track,15
699,2017-08-05,2017,8,Bronx,Williamsbridge Oval,kickball,15
700,2017-08-05,2017,8,Bronx,Williamsbridge Oval,flag football,15
701,2017-07-27,2017,7,Manhattan,Thomas Jefferson Park,basketball,300
702,2017-07-27,2017,7,Manhattan,Thomas Jefferson Park,dodgeball,300
703,2017-07-28,2017,7,Manhattan,Thomas Jefferson Park,basketball,201
704,2017-07-28,2017,7,Manhattan,Thomas Jefferson Park,dodgeball,201
705,2017-07-29,2017,7,Manhattan,Thomas Jefferson Park,basketball,149
706,2017-07-29,2017,7,Manhattan,Thomas Jefferson Park,dodgeball,149
707,2017-07-30,2017,7,Manhattan,Thomas Jefferson Park,basketball,332
708,2017-07-30,2017,7,Manhattan,Thomas Jefferson Park,dodgeball,332
709,2017-07-31,2017,7,Manhattan,Thomas Jefferson Park,basketball,220
710,2017-07-31,2017,7,Manhattan,Thomas Jefferson Park,dodgeball,220
711,2017-07-20,2017,7,Manhattan,Thomas Jefferson Park,football,200
712,2017-07-20,2017,7,Manhattan,Thomas Jefferson Park,tag,200
713,2017-07-21,2017,7,Manhattan,Thomas Jefferson Park,football,1502
714,2017-07-21,2017,7,Manhattan,Thomas Jefferson Park,tag,1502
715,2017-07-22,2017,7,Manhattan,Thomas Jefferson Park,football,300
716,2017-07-22,2017,7,Manhattan,Thomas Jefferson Park,tag,300
717,2017-07-23,2017,7,Manhattan,Thomas Jefferson Park,football,250
718,2017-07-23,2017,7,Manhattan,Thomas Jefferson Park,tag,250
719,2017-07-24,2017,7,Manhattan,Thomas Jefferson Park,football,150
720,2017-07-24,2017,7,Manhattan,Thomas Jefferson Park,tag,150
721,2017-08-12,2017,8,Brooklyn,Sunset Park,football,20
722,2017-08-12,2017,8,Brooklyn,Sunset Park,tag,20
723,2017-08-13,2017,8,Brooklyn,Sunset Park,track,21
724,2017-08-12,2017,8,Brooklyn,Sunset Park,field games,13
725,2017-08-12,2017,8,Brooklyn,Sunset Park,frisbee,16
726,2017-08-12,2017,8,Brooklyn,Sunset Park,zumba,11
727,2017-08-12,2017,8,Brooklyn,Sunset Park,kickball,15
728,2017-08-14,2017,8,Brooklyn,Sunset Park,flag football,13
729,2017-08-14,2017,8,Brooklyn,Sunset Park,field games,16
730,2017-08-14,2017,8,Brooklyn,Sunset Park,basketball,27
731,2017-08-14,2017,8,Brooklyn,Sunset Park,kickball,23
732,2017-08-14,2017,8,Brooklyn,Sunset Park,soccer,20
733,2017-08-15,2017,8,Brooklyn,Sunset Park,field games,11
734,2017-08-15,2017,8,Brooklyn,Sunset Park,basketball,20
735,2017-08-15,2017,8,Brooklyn,Sunset Park,track,20
736,2017-08-15,2017,8,Brooklyn,Sunset Park,soccer,14
737,2017-08-15,2017,8,Brooklyn,Sunset Park,softball,12
738,2017-08-08,2017,8,Bronx,Williamsbridge Oval,soccer,62
739,2017-08-08,2017,8,Bronx,Williamsbridge Oval,basketball,62
740,2017-08-08,2017,8,Bronx,Williamsbridge Oval,table tennis,62
741,2017-08-08,2017,8,Bronx,Williamsbridge Oval,tennis,62
742,2017-08-08,2017,8,Bronx,Williamsbridge Oval,kickball,62
743,2017-08-08,2017,8,Bronx,Williamsbridge Oval,flag football,62
744,2017-08-08,2017,8,Bronx,Williamsbridge Oval,street hockey,62
745,2017-08-09,2017,8,Bronx,Williamsbridge Oval,soccer,48
746,2017-08-09,2017,8,Bronx,Williamsbridge Oval,basketball,48
747,2017-08-09,2017,8,Bronx,Williamsbridge Oval,table tennis,48
748,2017-08-09,2017,8,Bronx,Williamsbridge Oval,tennis,48
749,2017-08-09,2017,8,Bronx,Williamsbridge Oval,kickball,48
750,2017-08-09,2017,8,Bronx,Williamsbridge Oval,flag football,48
751,2017-08-09,2017,8,Bronx,Williamsbridge Oval,street hockey,48
752,2017-08-10,2017,8,Bronx,Williamsbridge Oval,soccer,64
753,2017-08-10,2017,8,Bronx,Williamsbridge Oval,basketball,64
754,2017-08-10,2017,8,Bronx,Williamsbridge Oval,table tennis,64
755,2017-08-10,2017,8,Bronx,Williamsbridge Oval,tennis,64
756,2017-08-10,2017,8,Bronx,Williamsbridge Oval,kickball,64
757,2017-08-10,2017,8,Bronx,Williamsbridge Oval,flag football,64
758,2017-08-10,2017,8,Bronx,Williamsbridge Oval,street hockey,64
759,2017-08-11,2017,8,Bronx,Williamsbridge Oval,soccer,49
760,2017-08-11,2017,8,Bronx,Williamsbridge Oval,basketball,49
761,2017-08-11,2017,8,Bronx,Williamsbridge Oval,table tennis,49
762,2017-08-11,2017,8,Bronx,Williamsbridge Oval,tennis,49
763,2017-08-11,2017,8,Bronx,Williamsbridge Oval,kickball,49
764,2017-08-11,2017,8,Bronx,Williamsbridge Oval,flag football,49
765,2017-08-11,2017,8,Bronx,Williamsbridge Oval,street hockey,49
766,2017-08-12,2017,8,Bronx,Williamsbridge Oval,soccer,43
767,2017-08-12,2017,8,Bronx,Williamsbridge Oval,basketball,43
768,2017-08-12,2017,8,Bronx,Williamsbridge Oval,table tennis,43
769,2017-08-12,2017,8,Bronx,Williamsbridge Oval,tennis,43
770,2017-08-12,2017,8,Bronx,Williamsbridge Oval,kickball,43
771,2017-08-12,2017,8,Bronx,Williamsbridge Oval,flag football,43
772,2017-08-12,2017,8,Bronx,Williamsbridge Oval,street hockey,43
773,2017-08-17,2017,8,Brooklyn,Sunset Park,soccer,11
774,2017-08-17,2017,8,Brooklyn,Sunset Park,kickball,10
775,2017-08-17,2017,8,Brooklyn,Sunset Park,free play,20
776,2017-08-21,2017,8,Brooklyn,Sunset Park,kickball,19
777,2017-08-21,2017,8,Brooklyn,Sunset Park,soccer,17
778,2017-08-21,2017,8,Brooklyn,Sunset Park,volleyball,13
779,2017-08-21,2017,8,Brooklyn,Sunset Park,basketball,19
780,2017-08-21,2017,8,Brooklyn,Sunset Park,flag football,6
781,2017-08-16,2017,8,Brooklyn,Sunset Park,child's tumbling,19
782,2017-08-16,2017,8,Brooklyn,Sunset Park,field games,15
783,2017-08-16,2017,8,Brooklyn,Sunset Park,track,28
784,2017-08-16,2017,8,Brooklyn,Sunset Park,basketball,36
785,2017-08-16,2017,8,Brooklyn,Sunset Park,flag football,22
786,2017-08-23,2017,8,Brooklyn,Sunset Park,basketball,7
787,2017-08-23,2017,8,Brooklyn,Sunset Park,track,8
788,2017-08-15,2017,8,Bronx,Williamsbridge Oval,soccer,22
789,2017-08-15,2017,8,Bronx,Williamsbridge Oval,basketball,22
790,2017-08-15,2017,8,Bronx,Williamsbridge Oval,table tennis,22
791,2017-08-15,2017,8,Bronx,Williamsbridge Oval,tennis,22
792,2017-08-15,2017,8,Bronx,Williamsbridge Oval,kickball,22
793,2017-08-15,2017,8,Bronx,Williamsbridge Oval,group games,22
794,2017-08-15,2017,8,Bronx,Williamsbridge Oval,flag football,22
795,2017-08-17,2017,8,Bronx,Williamsbridge Oval,soccer,45
796,2017-08-17,2017,8,Bronx,Williamsbridge Oval,basketball,45
797,2017-08-17,2017,8,Bronx,Williamsbridge Oval,table tennis,45
798,2017-08-17,2017,8,Bronx,Williamsbridge Oval,tennis,45
799,2017-08-17,2017,8,Bronx,Williamsbridge Oval,kickball,45
800,2017-08-17,2017,8,Bronx,Williamsbridge Oval,group games,45
801,2017-08-17,2017,8,Bronx,Williamsbridge Oval,flag football,45
802,2017-08-18,2017,8,Bronx,Williamsbridge Oval,soccer,50
803,2017-08-18,2017,8,Bronx,Williamsbridge Oval,basketball,50
804,2017-08-18,2017,8,Bronx,Williamsbridge Oval,table tennis,50
805,2017-08-18,2017,8,Bronx,Williamsbridge Oval,tennis,50
806,2017-08-18,2017,8,Bronx,Williamsbridge Oval,kickball,50
807,2017-08-18,2017,8,Bronx,Williamsbridge Oval,group games,50
808,2017-08-18,2017,8,Bronx,Williamsbridge Oval,flag football,50
809,2017-08-19,2017,8,Bronx,Williamsbridge Oval,soccer,58
810,2017-08-19,2017,8,Bronx,Williamsbridge Oval,basketball,58
811,2017-08-19,2017,8,Bronx,Williamsbridge Oval,table tennis,58
812,2017-08-19,2017,8,Bronx,Williamsbridge Oval,tennis,58
813,2017-08-19,2017,8,Bronx,Williamsbridge Oval,kickball,58
814,2017-08-19,2017,8,Bronx,Williamsbridge Oval,group games,58
815,2017-08-19,2017,8,Bronx,Williamsbridge Oval,flag football,58
816,2017-08-22,2017,8,Brooklyn,Sunset Park,basketball,11
817,2017-08-22,2017,8,Brooklyn,Sunset Park,track,13
818,2017-08-22,2017,8,Brooklyn,Sunset Park,soccer,12
819,2017-08-22,2017,8,Brooklyn,Sunset Park,volleyball,7
820,2017-08-22,2017,8,Brooklyn,Sunset Park,field games,6
821,2017-08-24,2017,8,Brooklyn,Sunset Park,softball,14
822,2017-08-24,2017,8,Brooklyn,Sunset Park,free play,9
823,2017-08-24,2017,8,Brooklyn,Sunset Park,basketball,13
824,2017-08-24,2017,8,Brooklyn,Sunset Park,track,20
825,2017-08-24,2017,8,Brooklyn,Sunset Park,kickball,20
826,2017-08-24,2017,8,Brooklyn,Sunset Park,soccer,22
827,2017-08-03,2017,8,Manhattan,Thomas Jefferson Park,frisbee,300
828,2017-08-03,2017,8,Manhattan,Thomas Jefferson Park,football,300
829,2017-08-03,2017,8,Manhattan,Thomas Jefferson Park,tag,300
830,2017-08-04,2017,8,Manhattan,Thomas Jefferson Park,frisbee,100
831,2017-08-04,2017,8,Manhattan,Thomas Jefferson Park,football,100
832,2017-08-04,2017,8,Manhattan,Thomas Jefferson Park,tag,100
833,2017-08-05,2017,8,Manhattan,Thomas Jefferson Park,frisbee,250
834,2017-08-05,2017,8,Manhattan,Thomas Jefferson Park,football,250
835,2017-08-05,2017,8,Manhattan,Thomas Jefferson Park,tag,250
836,2017-08-06,2017,8,Manhattan,Thomas Jefferson Park,frisbee,350
837,2017-08-06,2017,8,Manhattan,Thomas Jefferson Park,football,350
838,2017-08-06,2017,8,Manhattan,Thomas Jefferson Park,tag,350
839,2017-08-07,2017,8,Manhattan,Thomas Jefferson Park,frisbee,400
840,2017-08-07,2017,8,Manhattan,Thomas Jefferson Park,football,400
841,2017-08-07,2017,8,Manhattan,Thomas Jefferson Park,tag,400
842,2017-08-11,2017,8,Manhattan,Thomas Jefferson Park,basketball,250
843,2017-08-11,2017,8,Manhattan,Thomas Jefferson Park,football,250
844,2017-08-12,2017,8,Manhattan,Thomas Jefferson Park,basketball,300
845,2017-08-12,2017,8,Manhattan,Thomas Jefferson Park,football,300
846,2017-08-13,2017,8,Manhattan,Thomas Jefferson Park,basketball,250
847,2017-08-13,2017,8,Manhattan,Thomas Jefferson Park,football,250
848,2017-08-14,2017,8,Manhattan,Thomas Jefferson Park,basketball,100
849,2017-08-14,2017,8,Manhattan,Thomas Jefferson Park,football,100
850,2017-08-17,2017,8,Manhattan,Thomas Jefferson Park,flag football,150
851,2017-08-18,2017,8,Manhattan,Thomas Jefferson Park,flag football,300
852,2017-08-19,2017,8,Manhattan,Thomas Jefferson Park,flag football,400
853,2017-08-20,2017,8,Manhattan,Thomas Jefferson Park,flag football,80
854,2017-08-21,2017,8,Manhattan,Thomas Jefferson Park,flag football,70
855,2017-08-08,2017,8,Queens,Playground for All Children,soccer,150
856,2017-08-08,2017,8,Queens,Playground for All Children,basketball,150
857,2017-08-08,2017,8,Queens,Playground for All Children,frisbee,150
858,2017-08-08,2017,8,Queens,Playground for All Children,dodgeball,150
859,2017-08-09,2017,8,Queens,Playground for All Children,soccer,175
860,2017-08-09,2017,8,Queens,Playground for All Children,basketball,175
861,2017-08-09,2017,8,Queens,Playground for All Children,frisbee,175
862,2017-08-09,2017,8,Queens,Playground for All Children,dodgeball,175
863,2017-08-10,2017,8,Queens,Playground for All Children,soccer,200
864,2017-08-10,2017,8,Queens,Playground for All Children,basketball,200
865,2017-08-10,2017,8,Queens,Playground for All Children,frisbee,200
866,2017-08-10,2017,8,Queens,Playground for All Children,dodgeball,200
867,2017-08-11,2017,8,Queens,Playground for All Children,soccer,75
868,2017-08-11,2017,8,Queens,Playground for All Children,basketball,75
869,2017-08-11,2017,8,Queens,Playground for All Children,frisbee,75
870,2017-08-11,2017,8,Queens,Playground for All Children,dodgeball,75
871,2017-08-12,2017,8,Queens,Playground for All Children,soccer,195
872,2017-08-12,2017,8,Queens,Playground for All Children,basketball,195
873,2017-08-12,2017,8,Queens,Playground for All Children,frisbee,195
874,2017-08-12,2017,8,Queens,Playground for All Children,dodgeball,195
875,2017-08-28,2017,8,Brooklyn,Sunset Park,soccer,22
876,2017-08-28,2017,8,Brooklyn,Sunset Park,basketball,15
877,2017-08-28,2017,8,Brooklyn,Sunset Park,kickball,19
878,2017-08-30,2017,8,Brooklyn,Sunset Park,free play,15
879,2017-08-30,2017,8,Brooklyn,Sunset Park,basketball,14
880,2017-08-30,2017,8,Brooklyn,Sunset Park,track,22
881,2017-08-30,2017,8,Brooklyn,Sunset Park,soccer,12
882,2017-08-26,2017,8,Brooklyn,Sunset Park,bowling,17
883,2017-08-26,2017,8,Brooklyn,Sunset Park,track,10
884,2017-08-26,2017,8,Brooklyn,Sunset Park,basketball,7
885,2017-08-26,2017,8,Brooklyn,Sunset Park,frisbee,6
886,2017-08-26,2017,8,Brooklyn,Sunset Park,zumba,7
887,2017-08-22,2017,8,Bronx,Williamsbridge Oval,soccer,22
888,2017-08-22,2017,8,Bronx,Williamsbridge Oval,basketball,22
889,2017-08-22,2017,8,Bronx,Williamsbridge Oval,dodgeball,22
890,2017-08-22,2017,8,Bronx,Williamsbridge Oval,table tennis,22
891,2017-08-22,2017,8,Bronx,Williamsbridge Oval,tennis,22
892,2017-08-22,2017,8,Bronx,Williamsbridge Oval,kickball,22
893,2017-08-22,2017,8,Bronx,Williamsbridge Oval,volleyball,22
894,2017-08-22,2017,8,Bronx,Williamsbridge Oval,flag football,22
895,2017-08-23,2017,8,Bronx,Williamsbridge Oval,soccer,59
896,2017-08-23,2017,8,Bronx,Williamsbridge Oval,basketball,59
897,2017-08-23,2017,8,Bronx,Williamsbridge Oval,dodgeball,59
898,2017-08-23,2017,8,Bronx,Williamsbridge Oval,table tennis,59
899,2017-08-23,2017,8,Bronx,Williamsbridge Oval,tennis,59
900,2017-08-23,2017,8,Bronx,Williamsbridge Oval,kickball,59
901,2017-08-23,2017,8,Bronx,Williamsbridge Oval,volleyball,59
902,2017-08-23,2017,8,Bronx,Williamsbridge Oval,flag football,59
903,2017-08-24,2017,8,Bronx,Williamsbridge Oval,soccer,45
904,2017-08-24,2017,8,Bronx,Williamsbridge Oval,basketball,45
905,2017-08-24,2017,8,Bronx,Williamsbridge Oval,dodgeball,45
906,2017-08-24,2017,8,Bronx,Williamsbridge Oval,table tennis,45
907,2017-08-24,2017,8,Bronx,Williamsbridge Oval,tennis,45
908,2017-08-24,2017,8,Bronx,Williamsbridge Oval,kickball,45
909,2017-08-24,2017,8,Bronx,Williamsbridge Oval,volleyball,45
910,2017-08-24,2017,8,Bronx,Williamsbridge Oval,flag football,45
911,2017-08-25,2017,8,Bronx,Williamsbridge Oval,soccer,57
912,2017-08-25,2017,8,Bronx,Williamsbridge Oval,basketball,57
913,2017-08-25,2017,8,Bronx,Williamsbridge Oval,dodgeball,57
914,2017-08-25,2017,8,Bronx,Williamsbridge Oval,table tennis,57
915,2017-08-25,2017,8,Bronx,Williamsbridge Oval,tennis,57
916,2017-08-25,2017,8,Bronx,Williamsbridge Oval,kickball,57
917,2017-08-25,2017,8,Bronx,Williamsbridge Oval,volleyball,57
918,2017-08-25,2017,8,Bronx,Williamsbridge Oval,flag football,57
919,2017-08-26,2017,8,Bronx,Williamsbridge Oval,soccer,57
920,2017-08-26,2017,8,Bronx,Williamsbridge Oval,basketball,57
921,2017-08-26,2017,8,Bronx,Williamsbridge Oval,dodgeball,57
922,2017-08-26,2017,8,Bronx,Williamsbridge Oval,table tennis,57
923,2017-08-26,2017,8,Bronx,Williamsbridge Oval,tennis,57
924,2017-08-26,2017,8,Bronx,Williamsbridge Oval,kickball,57
925,2017-08-26,2017,8,Bronx,Williamsbridge Oval,volleyball,57
926,2017-08-26,2017,8,Bronx,Williamsbridge Oval,flag football,57
927,2017-08-14,2017,8,Queens,Playground for All Children,soccer,250
928,2017-08-14,2017,8,Queens,Playground for All Children,basketball,250
929,2017-08-14,2017,8,Queens,Playground for All Children,frisbee,250
930,2017-08-14,2017,8,Queens,Playground for All Children,dodgeball,250
931,2017-08-15,2017,8,Queens,Playground for All Children,soccer,230
932,2017-08-15,2017,8,Queens,Playground for All Children,basketball,230
933,2017-08-15,2017,8,Queens,Playground for All Children,frisbee,230
934,2017-08-15,2017,8,Queens,Playground for All Children,dodgeball,230
935,2017-08-17,2017,8,Queens,Playground for All Children,soccer,250
936,2017-08-17,2017,8,Queens,Playground for All Children,basketball,250
937,2017-08-17,2017,8,Queens,Playground for All Children,frisbee,250
938,2017-08-17,2017,8,Queens,Playground for All Children,dodgeball,250
939,2017-08-19,2017,8,Queens,Playground for All Children,soccer,220
940,2017-08-19,2017,8,Queens,Playground for All Children,basketball,220
941,2017-08-19,2017,8,Queens,Playground for All Children,frisbee,220
942,2017-08-19,2017,8,Queens,Playground for All Children,dodgeball,220
943,2017-08-24,2017,8,Manhattan,Thomas Jefferson Park,basketball,200
944,2017-08-24,2017,8,Manhattan,Thomas Jefferson Park,drills,200
945,2017-08-25,2017,8,Manhattan,Thomas Jefferson Park,basketball,300
946,2017-08-25,2017,8,Manhattan,Thomas Jefferson Park,drills,300
947,2017-08-26,2017,8,Manhattan,Thomas Jefferson Park,basketball,250
948,2017-08-26,2017,8,Manhattan,Thomas Jefferson Park,drills,250
949,2017-08-27,2017,8,Manhattan,Thomas Jefferson Park,basketball,150
950,2017-08-27,2017,8,Manhattan,Thomas Jefferson Park,drills,150
951,2017-08-28,2017,8,Manhattan,Thomas Jefferson Park,basketball,50
952,2017-08-28,2017,8,Manhattan,Thomas Jefferson Park,drills,50
953,2017-08-31,2017,8,Manhattan,Thomas Jefferson Park,soccer,130
954,2017-08-31,2017,8,Manhattan,Thomas Jefferson Park,basketball,130
955,2017-08-31,2017,8,Manhattan,Thomas Jefferson Park,flag football,130
956,2017-09-01,2017,9,Manhattan,Thomas Jefferson Park,soccer,300
957,2017-09-01,2017,9,Manhattan,Thomas Jefferson Park,basketball,300
958,2017-09-01,2017,9,Manhattan,Thomas Jefferson Park,flag football,300
959,2017-09-02,2017,9,Manhattan,Thomas Jefferson Park,soccer,200
960,2017-09-02,2017,9,Manhattan,Thomas Jefferson Park,basketball,200
961,2017-09-02,2017,9,Manhattan,Thomas Jefferson Park,flag football,200
962,2017-09-03,2017,9,Manhattan,Thomas Jefferson Park,soccer,80
963,2017-09-03,2017,9,Manhattan,Thomas Jefferson Park,basketball,80
964,2017-09-03,2017,9,Manhattan,Thomas Jefferson Park,flag football,80
965,2017-09-04,2017,9,Manhattan,Thomas Jefferson Park,soccer,100
966,2017-09-04,2017,9,Manhattan,Thomas Jefferson Park,basketball,100
967,2017-09-04,2017,9,Manhattan,Thomas Jefferson Park,flag football,100
968,2017-08-29,2017,8,Bronx,Williamsbridge Oval,soccer,52
969,2017-08-29,2017,8,Bronx,Williamsbridge Oval,basketball,52
970,2017-08-29,2017,8,Bronx,Williamsbridge Oval,table tennis,52
971,2017-08-29,2017,8,Bronx,Williamsbridge Oval,tennis,52
972,2017-08-29,2017,8,Bronx,Williamsbridge Oval,kickball,52
973,2017-08-29,2017,8,Bronx,Williamsbridge Oval,flag football,52
974,2017-08-30,2017,8,Bronx,Williamsbridge Oval,soccer,45
975,2017-08-30,2017,8,Bronx,Williamsbridge Oval,basketball,45
976,2017-08-30,2017,8,Bronx,Williamsbridge Oval,table tennis,45
977,2017-08-30,2017,8,Bronx,Williamsbridge Oval,tennis,45
978,2017-08-30,2017,8,Bronx,Williamsbridge Oval,kickball,45
979,2017-08-30,2017,8,Bronx,Williamsbridge Oval,flag football,45
980,2017-08-31,2017,8,Bronx,Williamsbridge Oval,soccer,51
981,2017-08-31,2017,8,Bronx,Williamsbridge Oval,basketball,51
982,2017-08-31,2017,8,Bronx,Williamsbridge Oval,table tennis,51
983,2017-08-31,2017,8,Bronx,Williamsbridge Oval,tennis,51
984,2017-08-31,2017,8,Bronx,Williamsbridge Oval,kickball,51
985,2017-08-31,2017,8,Bronx,Williamsbridge Oval,flag football,51
986,2017-09-01,2017,9,Bronx,Williamsbridge Oval,soccer,47
987,2017-09-01,2017,9,Bronx,Williamsbridge Oval,basketball,47
988,2017-09-01,2017,9,Bronx,Williamsbridge Oval,table tennis,47
989,2017-09-01,2017,9,Bronx,Williamsbridge Oval,tennis,47
990,2017-09-01,2017,9,Bronx,Williamsbridge Oval,kickball,47
991,2017-09-01,2017,9,Bronx,Williamsbridge Oval,flag football,47
992,2017-09-02,2017,9,Bronx,Williamsbridge Oval,soccer,50
993,2017-09-02,2017,9,Bronx,Williamsbridge Oval,basketball,50
994,2017-09-02,2017,9,Bronx,Williamsbridge Oval,table tennis,50
995,2017-09-02,2017,9,Bronx,Williamsbridge Oval,tennis,50
996,2017-09-02,2017,9,Bronx,Williamsbridge Oval,kickball,50
997,2017-09-02,2017,9,Bronx,Williamsbridge Oval,flag football,50
998,2017-08-21,2017,8,Queens,Playground for All Children,soccer,200
999,2017-08-21,2017,8,Queens,Playground for All Children,basketball,200
1000,2017-08-21,2017,8,Queens,Playground for All Children,dodgeball,200
1001,2017-08-21,2017,8,Queens,Playground for All Children,handball,200
1002,2017-08-22,2017,8,Queens,Playground for All Children,soccer,250
1003,2017-08-22,2017,8,Queens,Playground for All Children,basketball,250
1004,2017-08-22,2017,8,Queens,Playground for All Children,dodgeball,250
1005,2017-08-22,2017,8,Queens,Playground for All Children,handball,250
1006,2017-08-23,2017,8,Queens,Playground for All Children,soccer,210
1007,2017-08-23,2017,8,Queens,Playground for All Children,basketball,210
1008,2017-08-23,2017,8,Queens,Playground for All Children,dodgeball,210
1009,2017-08-23,2017,8,Queens,Playground for All Children,handball,210
1010,2017-08-25,2017,8,Queens,Playground for All Children,soccer,175
1011,2017-08-25,2017,8,Queens,Playground for All Children,basketball,175
1012,2017-08-25,2017,8,Queens,Playground for All Children,dodgeball,175
1013,2017-08-25,2017,8,Queens,Playground for All Children,handball,175
1014,2017-08-26,2017,8,Queens,Playground for All Children,soccer,250
1015,2017-08-26,2017,8,Queens,Playground for All Children,basketball,250
1016,2017-08-26,2017,8,Queens,Playground for All Children,dodgeball,250
1017,2017-08-26,2017,8,Queens,Playground for All Children,handball,250
1018,2017-08-28,2017,8,Queens,Playground for All Children,soccer,75
1019,2017-08-28,2017,8,Queens,Playground for All Children,basketball,75
1020,2017-08-28,2017,8,Queens,Playground for All Children,free play,75
1021,2017-08-28,2017,8,Queens,Playground for All Children,handball,75
1022,2017-08-28,2017,8,Queens,Playground for All Children,cricket,75
1023,2017-08-29,2017,8,Queens,Playground for All Children,soccer,150
1024,2017-08-29,2017,8,Queens,Playground for All Children,basketball,150
1025,2017-08-29,2017,8,Queens,Playground for All Children,free play,150
1026,2017-08-29,2017,8,Queens,Playground for All Children,handball,150
1027,2017-08-29,2017,8,Queens,Playground for All Children,cricket,150
1028,2017-08-30,2017,8,Queens,Playground for All Children,soccer,100
1029,2017-08-30,2017,8,Queens,Playground for All Children,basketball,100
1030,2017-08-30,2017,8,Queens,Playground for All Children,free play,100
1031,2017-08-30,2017,8,Queens,Playground for All Children,handball,100
1032,2017-08-30,2017,8,Queens,Playground for All Children,cricket,100
1033,2017-08-31,2017,8,Queens,Playground for All Children,soccer,115
1034,2017-08-31,2017,8,Queens,Playground for All Children,basketball,115
1035,2017-08-31,2017,8,Queens,Playground for All Children,free play,115
1036,2017-08-31,2017,8,Queens,Playground for All Children,handball,115
1037,2017-08-31,2017,8,Queens,Playground for All Children,cricket,115
1038,2017-09-01,2017,9,Queens,Playground for All Children,soccer,120
1039,2017-09-01,2017,9,Queens,Playground for All Children,basketball,120
1040,2017-09-01,2017,9,Queens,Playground for All Children,free play,120
1041,2017-09-01,2017,9,Queens,Playground for All Children,handball,120
1042,2017-09-01,2017,9,Queens,Playground for All Children,cricket,120
1043,2017-09-02,2017,9,Queens,Playground for All Children,soccer,230
1044,2017-09-02,2017,9,Queens,Playground for All Children,basketball,230
1045,2017-09-02,2017,9,Queens,Playground for All Children,free play,230
1046,2017-09-02,2017,9,Queens,Playground for All Children,handball,230
1047,2017-09-02,2017,9,Queens,Playground for All Children,cricket,230
1048,2017-09-04,2017,9,Queens,Playground for All Children,soccer,105
1049,2017-09-04,2017,9,Queens,Playground for All Children,basketball,105
1050,2017-09-04,2017,9,Queens,Playground for All Children,dodgeball,105
1051,2017-09-04,2017,9,Queens,Playground for All Children,handball,105
1052,2017-09-05,2017,9,Queens,Playground for All Children,soccer,120
1053,2017-09-05,2017,9,Queens,Playground for All Children,basketball,120
1054,2017-09-05,2017,9,Queens,Playground for All Children,dodgeball,120
1055,2017-09-05,2017,9,Queens,Playground for All Children,handball,120
1056,2017-09-06,2017,9,Queens,Playground for All Children,soccer,100
1057,2017-09-06,2017,9,Queens,Playground for All Children,basketball,100
1058,2017-09-06,2017,9,Queens,Playground for All Children,dodgeball,100
1059,2017-09-06,2017,9,Queens,Playground for All Children,handball,100
1060,2017-09-07,2017,9,Queens,Playground for All Children,soccer,110
1061,2017-09-07,2017,9,Queens,Playground for All Children,basketball,110
1062,2017-09-07,2017,9,Queens,Playground for All Children,dodgeball,110
1063,2017-09-07,2017,9,Queens,Playground for All Children,handball,110
1064,2017-09-08,2017,9,Queens,Playground for All Children,soccer,100
1065,2017-09-08,2017,9,Queens,Playground for All Children,basketball,100
1066,2017-09-08,2017,9,Queens,Playground for All Children,dodgeball,100
1067,2017-09-08,2017,9,Queens,Playground for All Children,handball,100
1068,2017-09-09,2017,9,Queens,Playground for All Children,soccer,220
1069,2017-09-09,2017,9,Queens,Playground for All Children,basketball,220
1070,2017-09-09,2017,9,Queens,Playground for All Children,dodgeball,220
1071,2017-09-09,2017,9,Queens,Playground for All Children,handball,220
1072,2017-09-07,2017,9,Manhattan,Thomas Jefferson Park,soccer,100
1073,2017-09-07,2017,9,Manhattan,Thomas Jefferson Park,football,100
1074,2017-09-08,2017,9,Manhattan,Thomas Jefferson Park,soccer,200
1075,2017-09-08,2017,9,Manhattan,Thomas Jefferson Park,football,200
1076,2017-09-09,2017,9,Manhattan,Thomas Jefferson Park,soccer,80
1077,2017-09-09,2017,9,Manhattan,Thomas Jefferson Park,football,80
1078,2017-09-10,2017,9,Manhattan,Thomas Jefferson Park,soccer,150
1079,2017-09-10,2017,9,Manhattan,Thomas Jefferson Park,football,150
1080,2017-09-11,2017,9,Manhattan,Thomas Jefferson Park,soccer,50
1081,2017-09-11,2017,9,Manhattan,Thomas Jefferson Park,football,50
1082,2017-09-04,2017,9,Bronx,Williamsbridge Oval,soccer,23
1083,2017-09-04,2017,9,Bronx,Williamsbridge Oval,basketball,23
1084,2017-09-04,2017,9,Bronx,Williamsbridge Oval,dodgeball,23
1085,2017-09-04,2017,9,Bronx,Williamsbridge Oval,tennis,23
1086,2017-09-04,2017,9,Bronx,Williamsbridge Oval,kickball,23
1087,2017-09-04,2017,9,Bronx,Williamsbridge Oval,flag football,23
1088,2017-09-05,2017,9,Bronx,Williamsbridge Oval,soccer,25
1089,2017-09-05,2017,9,Bronx,Williamsbridge Oval,basketball,25
1090,2017-09-05,2017,9,Bronx,Williamsbridge Oval,dodgeball,25
1091,2017-09-05,2017,9,Bronx,Williamsbridge Oval,tennis,25
1092,2017-09-05,2017,9,Bronx,Williamsbridge Oval,kickball,25
1093,2017-09-05,2017,9,Bronx,Williamsbridge Oval,flag football,25
1094,2017-09-06,2017,9,Bronx,Williamsbridge Oval,soccer,20
1095,2017-09-06,2017,9,Bronx,Williamsbridge Oval,basketball,20
1096,2017-09-06,2017,9,Bronx,Williamsbridge Oval,dodgeball,20
1097,2017-09-06,2017,9,Bronx,Williamsbridge Oval,tennis,20
1098,2017-09-06,2017,9,Bronx,Williamsbridge Oval,kickball,20
1099,2017-09-06,2017,9,Bronx,Williamsbridge Oval,flag football,20
1100,2017-09-07,2017,9,Bronx,Williamsbridge Oval,soccer,26
1101,2017-09-07,2017,9,Bronx,Williamsbridge Oval,basketball,26
1102,2017-09-07,2017,9,Bronx,Williamsbridge Oval,dodgeball,26
1103,2017-09-07,2017,9,Bronx,Williamsbridge Oval,tennis,26
1104,2017-09-07,2017,9,Bronx,Williamsbridge Oval,kickball,26
1105,2017-09-07,2017,9,Bronx,Williamsbridge Oval,flag football,26
1106,2017-09-09,2017,9,Bronx,Williamsbridge Oval,soccer,40
1107,2017-09-09,2017,9,Bronx,Williamsbridge Oval,basketball,40
1108,2017-09-09,2017,9,Bronx,Williamsbridge Oval,dodgeball,40
1109,2017-09-09,2017,9,Bronx,Williamsbridge Oval,tennis,40
1110,2017-09-09,2017,9,Bronx,Williamsbridge Oval,kickball,40
1111,2017-09-09,2017,9,Bronx,Williamsbridge Oval,flag football,40
1112,2017-09-11,2017,9,Bronx,Williamsbridge Oval,soccer,25
1113,2017-09-11,2017,9,Bronx,Williamsbridge Oval,basketball,25
1114,2017-09-11,2017,9,Bronx,Williamsbridge Oval,dodgeball,25
1115,2017-09-11,2017,9,Bronx,Williamsbridge Oval,tennis,25
1116,2017-09-11,2017,9,Bronx,Williamsbridge Oval,flag football,25
1117,2017-09-12,2017,9,Bronx,Williamsbridge Oval,soccer,22
1118,2017-09-12,2017,9,Bronx,Williamsbridge Oval,basketball,22
1119,2017-09-12,2017,9,Bronx,Williamsbridge Oval,dodgeball,22
1120,2017-09-12,2017,9,Bronx,Williamsbridge Oval,tennis,22
1121,2017-09-12,2017,9,Bronx,Williamsbridge Oval,flag football,22
1122,2017-09-13,2017,9,Bronx,Williamsbridge Oval,soccer,26
1123,2017-09-13,2017,9,Bronx,Williamsbridge Oval,basketball,26
1124,2017-09-13,2017,9,Bronx,Williamsbridge Oval,dodgeball,26
1125,2017-09-13,2017,9,Bronx,Williamsbridge Oval,tennis,26
1126,2017-09-13,2017,9,Bronx,Williamsbridge Oval,flag football,26
1127,2017-09-14,2017,9,Bronx,Williamsbridge Oval,soccer,29
1128,2017-09-14,2017,9,Bronx,Williamsbridge Oval,basketball,29
1129,2017-09-14,2017,9,Bronx,Williamsbridge Oval,dodgeball,29
1130,2017-09-14,2017,9,Bronx,Williamsbridge Oval,tennis,29
1131,2017-09-14,2017,9,Bronx,Williamsbridge Oval,flag football,29
1132,2017-09-15,2017,9,Bronx,Williamsbridge Oval,soccer,28
1133,2017-09-15,2017,9,Bronx,Williamsbridge Oval,basketball,28
1134,2017-09-15,2017,9,Bronx,Williamsbridge Oval,dodgeball,28
1135,2017-09-15,2017,9,Bronx,Williamsbridge Oval,tennis,28
1136,2017-09-15,2017,9,Bronx,Williamsbridge Oval,flag football,28
1137,2017-09-16,2017,9,Bronx,Williamsbridge Oval,soccer,25
1138,2017-09-16,2017,9,Bronx,Williamsbridge Oval,basketball,25
1139,2017-09-16,2017,9,Bronx,Williamsbridge Oval,dodgeball,25
1140,2017-09-16,2017,9,Bronx,Williamsbridge Oval,tennis,25
1141,2017-09-16,2017,9,Bronx,Williamsbridge Oval,flag football,25
1142,2017-09-11,2017,9,Queens,Playground for All Children,soccer,150
1143,2017-09-11,2017,9,Queens,Playground for All Children,basketball,150
1144,2017-09-11,2017,9,Queens,Playground for All Children,frisbee,150
1145,2017-09-11,2017,9,Queens,Playground for All Children,dodgeball,150
1146,2017-09-12,2017,9,Queens,Playground for All Children,soccer,95
1147,2017-09-12,2017,9,Queens,Playground for All Children,basketball,95
1148,2017-09-12,2017,9,Queens,Playground for All Children,frisbee,95
1149,2017-09-12,2017,9,Queens,Playground for All Children,dodgeball,95
1150,2017-09-13,2017,9,Queens,Playground for All Children,soccer,100
1151,2017-09-13,2017,9,Queens,Playground for All Children,basketball,100
1152,2017-09-13,2017,9,Queens,Playground for All Children,frisbee,100
1153,2017-09-13,2017,9,Queens,Playground for All Children,dodgeball,100
1154,2017-09-14,2017,9,Queens,Playground for All Children,soccer,110
1155,2017-09-14,2017,9,Queens,Playground for All Children,basketball,110
1156,2017-09-14,2017,9,Queens,Playground for All Children,frisbee,110
1157,2017-09-14,2017,9,Queens,Playground for All Children,dodgeball,110
1158,2017-09-15,2017,9,Queens,Playground for All Children,soccer,100
1159,2017-09-15,2017,9,Queens,Playground for All Children,basketball,100
1160,2017-09-15,2017,9,Queens,Playground for All Children,frisbee,100
1161,2017-09-15,2017,9,Queens,Playground for All Children,dodgeball,100
1162,2017-09-16,2017,9,Queens,Playground for All Children,soccer,120
1163,2017-09-16,2017,9,Queens,Playground for All Children,basketball,120
1164,2017-09-16,2017,9,Queens,Playground for All Children,frisbee,120
1165,2017-09-16,2017,9,Queens,Playground for All Children,dodgeball,120
1166,2017-09-18,2017,9,Bronx,Williamsbridge Oval,soccer,21
1167,2017-09-18,2017,9,Bronx,Williamsbridge Oval,dodgeball,21
1168,2017-09-18,2017,9,Bronx,Williamsbridge Oval,football,21
1169,2017-09-18,2017,9,Bronx,Williamsbridge Oval,table tennis,21
1170,2017-09-19,2017,9,Bronx,Williamsbridge Oval,soccer,18
1171,2017-09-19,2017,9,Bronx,Williamsbridge Oval,dodgeball,18
1172,2017-09-19,2017,9,Bronx,Williamsbridge Oval,football,18
1173,2017-09-19,2017,9,Bronx,Williamsbridge Oval,table tennis,18
1174,2017-09-20,2017,9,Bronx,Williamsbridge Oval,soccer,25
1175,2017-09-20,2017,9,Bronx,Williamsbridge Oval,dodgeball,25
1176,2017-09-20,2017,9,Bronx,Williamsbridge Oval,football,25
1177,2017-09-20,2017,9,Bronx,Williamsbridge Oval,table tennis,25
1178,2017-09-21,2017,9,Bronx,Williamsbridge Oval,soccer,20
1179,2017-09-21,2017,9,Bronx,Williamsbridge Oval,dodgeball,20
1180,2017-09-21,2017,9,Bronx,Williamsbridge Oval,football,20
1181,2017-09-21,2017,9,Bronx,Williamsbridge Oval,table tennis,20
1182,2017-09-22,2017,9,Bronx,Williamsbridge Oval,soccer,18
1183,2017-09-22,2017,9,Bronx,Williamsbridge Oval,dodgeball,18
1184,2017-09-22,2017,9,Bronx,Williamsbridge Oval,football,18
1185,2017-09-22,2017,9,Bronx,Williamsbridge Oval,table tennis,18
1186,2017-09-23,2017,9,Bronx,Williamsbridge Oval,soccer,23
1187,2017-09-23,2017,9,Bronx,Williamsbridge Oval,dodgeball,23
1188,2017-09-23,2017,9,Bronx,Williamsbridge Oval,football,23
1189,2017-09-23,2017,9,Bronx,Williamsbridge Oval,table tennis,23
1190,2017-09-25,2017,9,Bronx,Williamsbridge Oval,soccer,20
1191,2017-09-25,2017,9,Bronx,Williamsbridge Oval,basketball,20
1192,2017-09-25,2017,9,Bronx,Williamsbridge Oval,tennis,20
1193,2017-09-25,2017,9,Bronx,Williamsbridge Oval,kickball,20
1194,2017-09-26,2017,9,Bronx,Williamsbridge Oval,soccer,22
1195,2017-09-26,2017,9,Bronx,Williamsbridge Oval,basketball,22
1196,2017-09-26,2017,9,Bronx,Williamsbridge Oval,tennis,22
1197,2017-09-26,2017,9,Bronx,Williamsbridge Oval,kickball,22
1198,2017-09-27,2017,9,Bronx,Williamsbridge Oval,soccer,26
1199,2017-09-27,2017,9,Bronx,Williamsbridge Oval,basketball,26
1200,2017-09-27,2017,9,Bronx,Williamsbridge Oval,tennis,26
1201,2017-09-27,2017,9,Bronx,Williamsbridge Oval,kickball,26
1202,2017-09-28,2017,9,Bronx,Williamsbridge Oval,soccer,23
1203,2017-09-28,2017,9,Bronx,Williamsbridge Oval,basketball,23
1204,2017-09-28,2017,9,Bronx,Williamsbridge Oval,tennis,23
1205,2017-09-28,2017,9,Bronx,Williamsbridge Oval,kickball,23
1206,2017-09-29,2017,9,Bronx,Williamsbridge Oval,soccer,21
1207,2017-09-29,2017,9,Bronx,Williamsbridge Oval,basketball,21
1208,2017-09-29,2017,9,Bronx,Williamsbridge Oval,tennis,21
1209,2017-09-29,2017,9,Bronx,Williamsbridge Oval,kickball,21
1210,2017-09-30,2017,9,Bronx,Williamsbridge Oval,soccer,18
1211,2017-09-30,2017,9,Bronx,Williamsbridge Oval,basketball,18
1212,2017-09-30,2017,9,Bronx,Williamsbridge Oval,tennis,18
1213,2017-09-30,2017,9,Bronx,Williamsbridge Oval,kickball,18
1214,2017-09-19,2017,9,Queens,Playground for All Children,soccer,120
1215,2017-09-19,2017,9,Queens,Playground for All Children,basketball,120
1216,2017-09-19,2017,9,Queens,Playground for All Children,rugby,120
1217,2017-09-19,2017,9,Queens,Playground for All Children,dodgeball,120
1218,2017-09-20,2017,9,Queens,Playground for All Children,soccer,100
1219,2017-09-20,2017,9,Queens,Playground for All Children,basketball,100
1220,2017-09-20,2017,9,Queens,Playground for All Children,rugby,100
1221,2017-09-20,2017,9,Queens,Playground for All Children,dodgeball,100
1222,2017-09-21,2017,9,Queens,Playground for All Children,soccer,110
1223,2017-09-21,2017,9,Queens,Playground for All Children,basketball,110
1224,2017-09-21,2017,9,Queens,Playground for All Children,rugby,110
1225,2017-09-21,2017,9,Queens,Playground for All Children,dodgeball,110
1226,2017-09-22,2017,9,Queens,Playground for All Children,soccer,105
1227,2017-09-22,2017,9,Queens,Playground for All Children,basketball,105
1228,2017-09-22,2017,9,Queens,Playground for All Children,rugby,105
1229,2017-09-22,2017,9,Queens,Playground for All Children,dodgeball,105
1230,2017-09-23,2017,9,Queens,Playground for All Children,soccer,140
1231,2017-09-23,2017,9,Queens,Playground for All Children,basketball,140
1232,2017-09-23,2017,9,Queens,Playground for All Children,rugby,140
1233,2017-09-23,2017,9,Queens,Playground for All Children,dodgeball,140
1234,2017-09-26,2017,9,Queens,Playground for All Children,soccer,125
1235,2017-09-26,2017,9,Queens,Playground for All Children,basketball,125
1236,2017-09-26,2017,9,Queens,Playground for All Children,frisbee,125
1237,2017-09-26,2017,9,Queens,Playground for All Children,dodgeball,125
1238,2017-09-27,2017,9,Queens,Playground for All Children,soccer,98
1239,2017-09-27,2017,9,Queens,Playground for All Children,basketball,98
1240,2017-09-27,2017,9,Queens,Playground for All Children,frisbee,98
1241,2017-09-27,2017,9,Queens,Playground for All Children,dodgeball,98
1242,2017-09-28,2017,9,Queens,Playground for All Children,soccer,110
1243,2017-09-28,2017,9,Queens,Playground for All Children,basketball,110
1244,2017-09-28,2017,9,Queens,Playground for All Children,frisbee,110
1245,2017-09-28,2017,9,Queens,Playground for All Children,dodgeball,110
1246,2017-09-29,2017,9,Queens,Playground for All Children,soccer,105
1247,2017-09-29,2017,9,Queens,Playground for All Children,basketball,105
1248,2017-09-29,2017,9,Queens,Playground for All Children,frisbee,105
1249,2017-09-29,2017,9,Queens,Playground for All Children,dodgeball,105
1250,2017-09-30,2017,9,Queens,Playground for All Children,soccer,144
1251,2017-09-30,2017,9,Queens,Playground for All Children,basketball,144
1252,2017-09-30,2017,9,Queens,Playground for All Children,frisbee,144
1253,2017-09-30,2017,9,Queens,Playground for All Children,dodgeball,144
1254,2017-09-14,2017,9,Manhattan,Thomas Jefferson Park,soccer,175
1255,2017-09-14,2017,9,Manhattan,Thomas Jefferson Park,dodgeball,175
1256,2017-09-14,2017,9,Manhattan,Thomas Jefferson Park,football,175
1257,2017-09-15,2017,9,Manhattan,Thomas Jefferson Park,soccer,90
1258,2017-09-15,2017,9,Manhattan,Thomas Jefferson Park,dodgeball,90
1259,2017-09-15,2017,9,Manhattan,Thomas Jefferson Park,football,90
1260,2017-09-16,2017,9,Manhattan,Thomas Jefferson Park,soccer,200
1261,2017-09-16,2017,9,Manhattan,Thomas Jefferson Park,dodgeball,200
1262,2017-09-16,2017,9,Manhattan,Thomas Jefferson Park,football,200
1263,2017-09-17,2017,9,Manhattan,Thomas Jefferson Park,soccer,130
1264,2017-09-17,2017,9,Manhattan,Thomas Jefferson Park,dodgeball,130
1265,2017-09-17,2017,9,Manhattan,Thomas Jefferson Park,football,130
1266,2017-09-18,2017,9,Manhattan,Thomas Jefferson Park,soccer,100
1267,2017-09-18,2017,9,Manhattan,Thomas Jefferson Park,dodgeball,100
1268,2017-09-18,2017,9,Manhattan,Thomas Jefferson Park,football,100
1269,2017-10-02,2017,10,Bronx,Williamsbridge Oval,soccer,27
1270,2017-10-02,2017,10,Bronx,Williamsbridge Oval,basketball,27
1271,2017-10-02,2017,10,Bronx,Williamsbridge Oval,football,27
1272,2017-10-02,2017,10,Bronx,Williamsbridge Oval,tennis,27
1273,2017-10-02,2017,10,Bronx,Williamsbridge Oval,kickball,27
1274,2017-10-03,2017,10,Bronx,Williamsbridge Oval,soccer,29
1275,2017-10-03,2017,10,Bronx,Williamsbridge Oval,basketball,29
1276,2017-10-03,2017,10,Bronx,Williamsbridge Oval,football,29
1277,2017-10-03,2017,10,Bronx,Williamsbridge Oval,tennis,29
1278,2017-10-03,2017,10,Bronx,Williamsbridge Oval,kickball,29
1279,2017-10-04,2017,10,Bronx,Williamsbridge Oval,soccer,25
1280,2017-10-04,2017,10,Bronx,Williamsbridge Oval,basketball,25
1281,2017-10-04,2017,10,Bronx,Williamsbridge Oval,football,25
1282,2017-10-04,2017,10,Bronx,Williamsbridge Oval,tennis,25
1283,2017-10-04,2017,10,Bronx,Williamsbridge Oval,kickball,25
1284,2017-10-05,2017,10,Bronx,Williamsbridge Oval,soccer,26
1285,2017-10-05,2017,10,Bronx,Williamsbridge Oval,basketball,26
1286,2017-10-05,2017,10,Bronx,Williamsbridge Oval,football,26
1287,2017-10-05,2017,10,Bronx,Williamsbridge Oval,tennis,26
1288,2017-10-05,2017,10,Bronx,Williamsbridge Oval,kickball,26
1289,2017-10-06,2017,10,Bronx,Williamsbridge Oval,soccer,21
1290,2017-10-06,2017,10,Bronx,Williamsbridge Oval,basketball,21
1291,2017-10-06,2017,10,Bronx,Williamsbridge Oval,football,21
1292,2017-10-06,2017,10,Bronx,Williamsbridge Oval,tennis,21
1293,2017-10-06,2017,10,Bronx,Williamsbridge Oval,kickball,21
1294,2017-10-07,2017,10,Bronx,Williamsbridge Oval,soccer,20
1295,2017-10-07,2017,10,Bronx,Williamsbridge Oval,basketball,20
1296,2017-10-07,2017,10,Bronx,Williamsbridge Oval,football,20
1297,2017-10-07,2017,10,Bronx,Williamsbridge Oval,tennis,20
1298,2017-10-07,2017,10,Bronx,Williamsbridge Oval,kickball,20
1299,2017-10-03,2017,10,Queens,Playground for All Children,soccer,95
1300,2017-10-03,2017,10,Queens,Playground for All Children,basketball,95
1301,2017-10-03,2017,10,Queens,Playground for All Children,frisbee,95
1302,2017-10-03,2017,10,Queens,Playground for All Children,dodgeball,95
1303,2017-10-04,2017,10,Queens,Playground for All Children,soccer,110
1304,2017-10-04,2017,10,Queens,Playground for All Children,basketball,110
1305,2017-10-04,2017,10,Queens,Playground for All Children,frisbee,110
1306,2017-10-04,2017,10,Queens,Playground for All Children,dodgeball,110
1307,2017-10-05,2017,10,Queens,Playground for All Children,soccer,250
1308,2017-10-05,2017,10,Queens,Playground for All Children,basketball,250
1309,2017-10-05,2017,10,Queens,Playground for All Children,frisbee,250
1310,2017-10-05,2017,10,Queens,Playground for All Children,dodgeball,250
1311,2017-10-06,2017,10,Queens,Playground for All Children,soccer,220
1312,2017-10-06,2017,10,Queens,Playground for All Children,basketball,220
1313,2017-10-06,2017,10,Queens,Playground for All Children,frisbee,220
1314,2017-10-06,2017,10,Queens,Playground for All Children,dodgeball,220
1315,2017-10-07,2017,10,Queens,Playground for All Children,soccer,150
1316,2017-10-07,2017,10,Queens,Playground for All Children,basketball,150
1317,2017-10-07,2017,10,Queens,Playground for All Children,frisbee,150
1318,2017-10-07,2017,10,Queens,Playground for All Children,dodgeball,150
1319,2017-10-10,2017,10,Queens,Playground for All Children,soccer,97
1320,2017-10-10,2017,10,Queens,Playground for All Children,basketball,97
1321,2017-10-10,2017,10,Queens,Playground for All Children,dodgeball,97
1322,2017-10-11,2017,10,Queens,Playground for All Children,soccer,112
1323,2017-10-11,2017,10,Queens,Playground for All Children,basketball,112
1324,2017-10-11,2017,10,Queens,Playground for All Children,dodgeball,112
1325,2017-10-12,2017,10,Queens,Playground for All Children,soccer,85
1326,2017-10-12,2017,10,Queens,Playground for All Children,basketball,85
1327,2017-10-12,2017,10,Queens,Playground for All Children,dodgeball,85
1328,2017-10-13,2017,10,Queens,Playground for All Children,soccer,120
1329,2017-10-13,2017,10,Queens,Playground for All Children,basketball,120
1330,2017-10-13,2017,10,Queens,Playground for All Children,dodgeball,120
1331,2017-10-14,2017,10,Queens,Playground for All Children,soccer,154
1332,2017-10-14,2017,10,Queens,Playground for All Children,basketball,154
1333,2017-10-14,2017,10,Queens,Playground for All Children,dodgeball,154
1334,2017-09-28,2017,9,Manhattan,Thomas Jefferson Park,flag football,70
1335,2017-09-29,2017,9,Manhattan,Thomas Jefferson Park,flag football,100
1336,2017-09-30,2017,9,Manhattan,Thomas Jefferson Park,flag football,120
1337,2017-10-01,2017,10,Manhattan,Thomas Jefferson Park,flag football,90
1338,2017-10-02,2017,10,Manhattan,Thomas Jefferson Park,flag football,45
1339,2017-10-05,2017,10,Manhattan,Thomas Jefferson Park,basketball,75
1340,2017-10-05,2017,10,Manhattan,Thomas Jefferson Park,dodgeball,75
1341,2017-10-05,2017,10,Manhattan,Thomas Jefferson Park,flag football,75
1342,2017-10-06,2017,10,Manhattan,Thomas Jefferson Park,basketball,130
1343,2017-10-06,2017,10,Manhattan,Thomas Jefferson Park,dodgeball,130
1344,2017-10-06,2017,10,Manhattan,Thomas Jefferson Park,flag football,130
1345,2017-10-07,2017,10,Manhattan,Thomas Jefferson Park,basketball,100
1346,2017-10-07,2017,10,Manhattan,Thomas Jefferson Park,dodgeball,100
1347,2017-10-07,2017,10,Manhattan,Thomas Jefferson Park,flag football,100
1348,2017-10-08,2017,10,Manhattan,Thomas Jefferson Park,basketball,130
1349,2017-10-08,2017,10,Manhattan,Thomas Jefferson Park,dodgeball,130
1350,2017-10-08,2017,10,Manhattan,Thomas Jefferson Park,flag football,130
1351,2017-10-09,2017,10,Manhattan,Thomas Jefferson Park,basketball,100
1352,2017-10-09,2017,10,Manhattan,Thomas Jefferson Park,dodgeball,100
1353,2017-10-09,2017,10,Manhattan,Thomas Jefferson Park,flag football,100
1354,2018-05-09,2018,5,Bronx,Williamsbridge Oval,flag football,47
1355,2018-05-09,2018,5,Bronx,Williamsbridge Oval,track & field,47
1356,2018-05-10,2018,5,Bronx,Williamsbridge Oval,flag football,20
1357,2018-05-10,2018,5,Bronx,Williamsbridge Oval,track & field,20
1358,2018-05-14,2018,5,Bronx,Williamsbridge Oval,frisbee,19
1359,2018-05-14,2018,5,Bronx,Williamsbridge Oval,softball,19
1360,2018-05-14,2018,5,Bronx,Williamsbridge Oval,football,19
1361,2018-05-14,2018,5,Bronx,Williamsbridge Oval,pickleball,19
1362,2018-05-15,2018,5,Bronx,Williamsbridge Oval,frisbee,19
1363,2018-05-15,2018,5,Bronx,Williamsbridge Oval,softball,19
1364,2018-05-15,2018,5,Bronx,Williamsbridge Oval,football,19
1365,2018-05-15,2018,5,Bronx,Williamsbridge Oval,pickleball,19
1366,2018-05-17,2018,5,Bronx,Williamsbridge Oval,frisbee,18
1367,2018-05-17,2018,5,Bronx,Williamsbridge Oval,softball,18
1368,2018-05-17,2018,5,Bronx,Williamsbridge Oval,football,18
1369,2018-05-17,2018,5,Bronx,Williamsbridge Oval,pickleball,18
1370,2018-05-18,2018,5,Bronx,Williamsbridge Oval,frisbee,7
1371,2018-05-18,2018,5,Bronx,Williamsbridge Oval,softball,7
1372,2018-05-18,2018,5,Bronx,Williamsbridge Oval,football,7
1373,2018-05-18,2018,5,Bronx,Williamsbridge Oval,pickleball,7
1374,2018-05-21,2018,5,Bronx,Williamsbridge Oval,soccer,16
1375,2018-05-21,2018,5,Bronx,Williamsbridge Oval,basketball,16
1376,2018-05-21,2018,5,Bronx,Williamsbridge Oval,track & field,16
1377,2018-05-23,2018,5,Bronx,Williamsbridge Oval,soccer,7
1378,2018-05-23,2018,5,Bronx,Williamsbridge Oval,basketball,7
1379,2018-05-23,2018,5,Bronx,Williamsbridge Oval,track & field,7
1380,2018-05-24,2018,5,Bronx,Williamsbridge Oval,soccer,25
1381,2018-05-24,2018,5,Bronx,Williamsbridge Oval,basketball,25
1382,2018-05-24,2018,5,Bronx,Williamsbridge Oval,track & field,25
1383,2018-05-25,2018,5,Bronx,Williamsbridge Oval,soccer,11
1384,2018-05-25,2018,5,Bronx,Williamsbridge Oval,basketball,11
1385,2018-05-25,2018,5,Bronx,Williamsbridge Oval,track & field,11
1386,2018-05-29,2018,5,Queens,Playground for All Children,soccer,200
1387,2018-05-29,2018,5,Queens,Playground for All Children,basketball,200
1388,2018-05-29,2018,5,Queens,Playground for All Children,football,200
1389,2018-05-29,2018,5,Queens,Playground for All Children,baseball,200
1390,2018-05-29,2018,5,Queens,Playground for All Children,lacrosse,200
1391,2018-05-30,2018,5,Queens,Playground for All Children,soccer,385
1392,2018-05-30,2018,5,Queens,Playground for All Children,basketball,385
1393,2018-05-30,2018,5,Queens,Playground for All Children,football,385
1394,2018-05-30,2018,5,Queens,Playground for All Children,baseball,385
1395,2018-05-30,2018,5,Queens,Playground for All Children,lacrosse,385
1396,2018-05-31,2018,5,Queens,Playground for All Children,soccer,223
1397,2018-05-31,2018,5,Queens,Playground for All Children,basketball,223
1398,2018-05-31,2018,5,Queens,Playground for All Children,football,223
1399,2018-05-31,2018,5,Queens,Playground for All Children,baseball,223
1400,2018-05-31,2018,5,Queens,Playground for All Children,lacrosse,223
1401,2018-06-01,2018,6,Queens,Playground for All Children,soccer,246
1402,2018-06-01,2018,6,Queens,Playground for All Children,basketball,246
1403,2018-06-01,2018,6,Queens,Playground for All Children,football,246
1404,2018-06-01,2018,6,Queens,Playground for All Children,baseball,246
1405,2018-06-01,2018,6,Queens,Playground for All Children,lacrosse,246
1406,2018-06-02,2018,6,Queens,Playground for All Children,soccer,616
1407,2018-06-02,2018,6,Queens,Playground for All Children,basketball,616
1408,2018-06-02,2018,6,Queens,Playground for All Children,football,616
1409,2018-06-02,2018,6,Queens,Playground for All Children,baseball,616
1410,2018-06-02,2018,6,Queens,Playground for All Children,lacrosse,616
1411,2018-04-18,2018,4,Queens,Playground for All Children,soccer,12
1412,2018-04-18,2018,4,Queens,Playground for All Children,basketball,12
1413,2018-04-18,2018,4,Queens,Playground for All Children,football,12
1414,2018-04-20,2018,4,Queens,Playground for All Children,soccer,17
1415,2018-04-20,2018,4,Queens,Playground for All Children,basketball,17
1416,2018-04-20,2018,4,Queens,Playground for All Children,football,17
1417,2018-04-24,2018,4,Queens,Playground for All Children,soccer,32
1418,2018-04-24,2018,4,Queens,Playground for All Children,football,32
1419,2018-04-24,2018,4,Queens,Playground for All Children,baseball,32
1420,2018-04-26,2018,4,Queens,Playground for All Children,soccer,109
1421,2018-04-26,2018,4,Queens,Playground for All Children,football,109
1422,2018-04-26,2018,4,Queens,Playground for All Children,baseball,109
1423,2018-04-27,2018,4,Queens,Playground for All Children,soccer,14
1424,2018-04-27,2018,4,Queens,Playground for All Children,football,14
1425,2018-04-27,2018,4,Queens,Playground for All Children,baseball,14
1426,2018-05-01,2018,5,Queens,Playground for All Children,basketball,40
1427,2018-05-01,2018,5,Queens,Playground for All Children,volleyball,40
1428,2018-05-01,2018,5,Queens,Playground for All Children,hockey,40
1429,2018-05-02,2018,5,Queens,Playground for All Children,basketball,320
1430,2018-05-02,2018,5,Queens,Playground for All Children,volleyball,320
1431,2018-05-02,2018,5,Queens,Playground for All Children,hockey,320
1432,2018-05-03,2018,5,Queens,Playground for All Children,basketball,480
1433,2018-05-03,2018,5,Queens,Playground for All Children,volleyball,480
1434,2018-05-03,2018,5,Queens,Playground for All Children,hockey,480
1435,2018-05-04,2018,5,Queens,Playground for All Children,basketball,381
1436,2018-05-04,2018,5,Queens,Playground for All Children,volleyball,381
1437,2018-05-04,2018,5,Queens,Playground for All Children,hockey,381
1438,2018-05-05,2018,5,Queens,Playground for All Children,basketball,120
1439,2018-05-05,2018,5,Queens,Playground for All Children,volleyball,120
1440,2018-05-05,2018,5,Queens,Playground for All Children,hockey,120
1441,2018-05-08,2018,5,Queens,Playground for All Children,soccer,87
1442,2018-05-08,2018,5,Queens,Playground for All Children,basketball,87
1443,2018-05-08,2018,5,Queens,Playground for All Children,football,87
1444,2018-05-09,2018,5,Queens,Playground for All Children,soccer,216
1445,2018-05-09,2018,5,Queens,Playground for All Children,basketball,216
1446,2018-05-09,2018,5,Queens,Playground for All Children,football,216
1447,2018-05-12,2018,5,Queens,Playground for All Children,soccer,116
1448,2018-05-12,2018,5,Queens,Playground for All Children,basketball,116
1449,2018-05-12,2018,5,Queens,Playground for All Children,football,116
1450,2018-05-15,2018,5,Queens,Playground for All Children,soccer,62
1451,2018-05-15,2018,5,Queens,Playground for All Children,football,62
1452,2018-05-15,2018,5,Queens,Playground for All Children,baseball,62
1453,2018-05-18,2018,5,Queens,Playground for All Children,soccer,141
1454,2018-05-18,2018,5,Queens,Playground for All Children,football,141
1455,2018-05-18,2018,5,Queens,Playground for All Children,baseball,141
1456,2018-05-22,2018,5,Staten Island,Midland Beach,basketball,11
1457,2018-05-22,2018,5,Staten Island,Midland Beach,volleyball,11
1458,2018-05-22,2018,5,Staten Island,Midland Beach,pickleball,11
1459,2018-05-23,2018,5,Staten Island,Midland Beach,basketball,10
1460,2018-05-23,2018,5,Staten Island,Midland Beach,volleyball,10
1461,2018-05-23,2018,5,Staten Island,Midland Beach,pickleball,10
1462,2018-05-25,2018,5,Staten Island,Midland Beach,basketball,9
1463,2018-05-25,2018,5,Staten Island,Midland Beach,volleyball,9
1464,2018-05-25,2018,5,Staten Island,Midland Beach,pickleball,9
1465,2018-05-26,2018,5,Staten Island,Midland Beach,basketball,3
1466,2018-05-26,2018,5,Staten Island,Midland Beach,volleyball,3
1467,2018-05-26,2018,5,Staten Island,Midland Beach,pickleball,3
1468,2018-05-29,2018,5,Staten Island,Midland Beach,basketball,5
1469,2018-05-29,2018,5,Staten Island,Midland Beach,volleyball,5
1470,2018-05-29,2018,5,Staten Island,Midland Beach,pickleball,5
1471,2018-06-02,2018,6,Staten Island,Midland Beach,basketball,8
1472,2018-06-02,2018,6,Staten Island,Midland Beach,volleyball,8
1473,2018-06-02,2018,6,Staten Island,Midland Beach,pickleball,8
1474,2018-06-06,2018,6,Staten Island,Midland Beach,basketball,2
1475,2018-06-06,2018,6,Staten Island,Midland Beach,football,2
1476,2018-06-06,2018,6,Staten Island,Midland Beach,pickleball,2
1477,2018-06-07,2018,6,Staten Island,Midland Beach,basketball,18
1478,2018-06-07,2018,6,Staten Island,Midland Beach,football,18
1479,2018-06-07,2018,6,Staten Island,Midland Beach,pickleball,18
1480,2018-06-08,2018,6,Staten Island,Midland Beach,basketball,17
1481,2018-06-08,2018,6,Staten Island,Midland Beach,football,17
1482,2018-06-08,2018,6,Staten Island,Midland Beach,pickleball,17
1483,2018-06-05,2018,6,Queens,Playground for All Children,soccer,294
1484,2018-06-05,2018,6,Queens,Playground for All Children,basketball,294
1485,2018-06-05,2018,6,Queens,Playground for All Children,baseball,294
1486,2018-06-06,2018,6,Queens,Playground for All Children,soccer,466
1487,2018-06-06,2018,6,Queens,Playground for All Children,basketball,466
1488,2018-06-06,2018,6,Queens,Playground for All Children,baseball,466
1489,2018-06-07,2018,6,Queens,Playground for All Children,soccer,340
1490,2018-06-07,2018,6,Queens,Playground for All Children,basketball,340
1491,2018-06-07,2018,6,Queens,Playground for All Children,baseball,340
1492,2018-06-08,2018,6,Queens,Playground for All Children,soccer,326
1493,2018-06-08,2018,6,Queens,Playground for All Children,basketball,326
1494,2018-06-08,2018,6,Queens,Playground for All Children,baseball,326
1495,2018-06-09,2018,6,Queens,Playground for All Children,soccer,485
1496,2018-06-09,2018,6,Queens,Playground for All Children,basketball,485
1497,2018-06-09,2018,6,Queens,Playground for All Children,baseball,485
1498,2018-05-29,2018,5,Queens,Playground for All Children,soccer,71
1499,2018-05-29,2018,5,Queens,Playground for All Children,baseball,71
1500,2018-05-29,2018,5,Queens,Playground for All Children,volleyball,71
1501,2018-05-29,2018,5,Queens,Playground for All Children,badminton,71
1502,2018-05-30,2018,5,Queens,Playground for All Children,soccer,424
1503,2018-05-30,2018,5,Queens,Playground for All Children,baseball,424
1504,2018-05-30,2018,5,Queens,Playground for All Children,volleyball,424
1505,2018-05-30,2018,5,Queens,Playground for All Children,badminton,424
1506,2018-06-01,2018,6,Queens,Playground for All Children,soccer,461
1507,2018-06-01,2018,6,Queens,Playground for All Children,baseball,461
1508,2018-06-01,2018,6,Queens,Playground for All Children,volleyball,461
1509,2018-06-01,2018,6,Queens,Playground for All Children,badminton,461
1510,2018-06-02,2018,6,Queens,Playground for All Children,soccer,652
1511,2018-06-02,2018,6,Queens,Playground for All Children,baseball,652
1512,2018-06-02,2018,6,Queens,Playground for All Children,volleyball,652
1513,2018-06-02,2018,6,Queens,Playground for All Children,badminton,652
1514,2018-05-29,2018,5,Bronx,Williamsbridge Oval,soccer,24
1515,2018-05-29,2018,5,Bronx,Williamsbridge Oval,basketball,24
1516,2018-05-29,2018,5,Bronx,Williamsbridge Oval,frisbee,24
1517,2018-05-29,2018,5,Bronx,Williamsbridge Oval,track & field,24
1518,2018-05-30,2018,5,Bronx,Williamsbridge Oval,soccer,38
1519,2018-05-30,2018,5,Bronx,Williamsbridge Oval,basketball,38
1520,2018-05-30,2018,5,Bronx,Williamsbridge Oval,frisbee,38
1521,2018-05-30,2018,5,Bronx,Williamsbridge Oval,track & field,38
1522,2018-05-31,2018,5,Bronx,Williamsbridge Oval,soccer,3
1523,2018-05-31,2018,5,Bronx,Williamsbridge Oval,basketball,3
1524,2018-05-31,2018,5,Bronx,Williamsbridge Oval,frisbee,3
1525,2018-05-31,2018,5,Bronx,Williamsbridge Oval,track & field,3
1526,2018-06-01,2018,6,Bronx,Williamsbridge Oval,soccer,6
1527,2018-06-01,2018,6,Bronx,Williamsbridge Oval,basketball,6
1528,2018-06-01,2018,6,Bronx,Williamsbridge Oval,frisbee,6
1529,2018-06-01,2018,6,Bronx,Williamsbridge Oval,track & field,6
1530,2018-06-02,2018,6,Bronx,Williamsbridge Oval,soccer,11
1531,2018-06-02,2018,6,Bronx,Williamsbridge Oval,basketball,11
1532,2018-06-02,2018,6,Bronx,Williamsbridge Oval,frisbee,11
1533,2018-06-02,2018,6,Bronx,Williamsbridge Oval,track & field,11
1534,2018-06-06,2018,6,Bronx,Williamsbridge Oval,soccer,20
1535,2018-06-06,2018,6,Bronx,Williamsbridge Oval,frisbee,20
1536,2018-06-06,2018,6,Bronx,Williamsbridge Oval,wiffleball,20
1537,2018-06-08,2018,6,Bronx,Williamsbridge Oval,soccer,21
1538,2018-06-08,2018,6,Bronx,Williamsbridge Oval,frisbee,21
1539,2018-06-08,2018,6,Bronx,Williamsbridge Oval,wiffleball,21
1540,2018-06-09,2018,6,Bronx,Williamsbridge Oval,soccer,5
1541,2018-06-09,2018,6,Bronx,Williamsbridge Oval,frisbee,5
1542,2018-06-09,2018,6,Bronx,Williamsbridge Oval,wiffleball,5
1543,2018-06-11,2018,6,Bronx,Williamsbridge Oval,soccer,27
1544,2018-06-11,2018,6,Bronx,Williamsbridge Oval,kickball,27
1545,2018-06-11,2018,6,Bronx,Williamsbridge Oval,flag football,27
1546,2018-06-12,2018,6,Bronx,Williamsbridge Oval,soccer,26
1547,2018-06-12,2018,6,Bronx,Williamsbridge Oval,kickball,26
1548,2018-06-12,2018,6,Bronx,Williamsbridge Oval,flag football,26
1549,2018-06-13,2018,6,Bronx,Williamsbridge Oval,soccer,14
1550,2018-06-13,2018,6,Bronx,Williamsbridge Oval,kickball,14
1551,2018-06-13,2018,6,Bronx,Williamsbridge Oval,flag football,14
1552,2018-06-14,2018,6,Bronx,Williamsbridge Oval,soccer,36
1553,2018-06-14,2018,6,Bronx,Williamsbridge Oval,kickball,36
1554,2018-06-14,2018,6,Bronx,Williamsbridge Oval,flag football,36
1555,2018-06-15,2018,6,Bronx,Williamsbridge Oval,soccer,21
1556,2018-06-15,2018,6,Bronx,Williamsbridge Oval,kickball,21
1557,2018-06-15,2018,6,Bronx,Williamsbridge Oval,flag football,21
1558,2018-06-16,2018,6,Bronx,Williamsbridge Oval,soccer,9
1559,2018-06-16,2018,6,Bronx,Williamsbridge Oval,kickball,9
1560,2018-06-16,2018,6,Bronx,Williamsbridge Oval,flag football,9
1561,2018-06-12,2018,6,Queens,Playground for All Children,basketball,611
1562,2018-06-12,2018,6,Queens,Playground for All Children,baseball,611
1563,2018-06-12,2018,6,Queens,Playground for All Children,flag football,611
1564,2018-06-12,2018,6,Queens,Playground for All Children,lacrosse,611
1565,2018-06-13,2018,6,Queens,Playground for All Children,basketball,137
1566,2018-06-13,2018,6,Queens,Playground for All Children,baseball,137
1567,2018-06-13,2018,6,Queens,Playground for All Children,flag football,137
1568,2018-06-13,2018,6,Queens,Playground for All Children,lacrosse,137
1569,2018-06-14,2018,6,Queens,Playground for All Children,basketball,315
1570,2018-06-14,2018,6,Queens,Playground for All Children,baseball,315
1571,2018-06-14,2018,6,Queens,Playground for All Children,flag football,315
1572,2018-06-14,2018,6,Queens,Playground for All Children,lacrosse,315
1573,2018-06-15,2018,6,Queens,Playground for All Children,basketball,369
1574,2018-06-15,2018,6,Queens,Playground for All Children,baseball,369
1575,2018-06-15,2018,6,Queens,Playground for All Children,flag football,369
1576,2018-06-15,2018,6,Queens,Playground for All Children,lacrosse,369
1577,2018-06-16,2018,6,Queens,Playground for All Children,basketball,665
1578,2018-06-16,2018,6,Queens,Playground for All Children,baseball,665
1579,2018-06-16,2018,6,Queens,Playground for All Children,flag football,665
1580,2018-06-16,2018,6,Queens,Playground for All Children,lacrosse,665
1581,2018-06-18,2018,6,Bronx,Williamsbridge Oval,soccer,6
1582,2018-06-18,2018,6,Bronx,Williamsbridge Oval,basketball,6
1583,2018-06-18,2018,6,Bronx,Williamsbridge Oval,frisbee,6
1584,2018-06-18,2018,6,Bronx,Williamsbridge Oval,wiffleball,6
1585,2018-06-18,2018,6,Bronx,Williamsbridge Oval,track & field,6
1586,2018-06-19,2018,6,Bronx,Williamsbridge Oval,soccer,8
1587,2018-06-19,2018,6,Bronx,Williamsbridge Oval,basketball,8
1588,2018-06-19,2018,6,Bronx,Williamsbridge Oval,frisbee,8
1589,2018-06-19,2018,6,Bronx,Williamsbridge Oval,wiffleball,8
1590,2018-06-19,2018,6,Bronx,Williamsbridge Oval,track & field,8
1591,2018-06-20,2018,6,Bronx,Williamsbridge Oval,soccer,13
1592,2018-06-20,2018,6,Bronx,Williamsbridge Oval,basketball,13
1593,2018-06-20,2018,6,Bronx,Williamsbridge Oval,frisbee,13
1594,2018-06-20,2018,6,Bronx,Williamsbridge Oval,wiffleball,13
1595,2018-06-20,2018,6,Bronx,Williamsbridge Oval,track & field,13
1596,2018-06-21,2018,6,Bronx,Williamsbridge Oval,soccer,6
1597,2018-06-21,2018,6,Bronx,Williamsbridge Oval,basketball,6
1598,2018-06-21,2018,6,Bronx,Williamsbridge Oval,frisbee,6
1599,2018-06-21,2018,6,Bronx,Williamsbridge Oval,wiffleball,6
1600,2018-06-21,2018,6,Bronx,Williamsbridge Oval,track & field,6
1601,2018-06-19,2018,6,Queens,Playground for All Children,soccer,123
1602,2018-06-19,2018,6,Queens,Playground for All Children,basketball,123
1603,2018-06-19,2018,6,Queens,Playground for All Children,lacrosse,123
1604,2018-06-20,2018,6,Queens,Playground for All Children,soccer,193
1605,2018-06-20,2018,6,Queens,Playground for All Children,basketball,193
1606,2018-06-20,2018,6,Queens,Playground for All Children,lacrosse,193
1607,2018-06-21,2018,6,Queens,Playground for All Children,soccer,463
1608,2018-06-21,2018,6,Queens,Playground for All Children,basketball,463
1609,2018-06-21,2018,6,Queens,Playground for All Children,lacrosse,463
1610,2018-06-22,2018,6,Queens,Playground for All Children,soccer,121
1611,2018-06-22,2018,6,Queens,Playground for All Children,basketball,121
1612,2018-06-22,2018,6,Queens,Playground for All Children,lacrosse,121
1613,2018-06-23,2018,6,Queens,Playground for All Children,soccer,93
1614,2018-06-23,2018,6,Queens,Playground for All Children,basketball,93
1615,2018-06-23,2018,6,Queens,Playground for All Children,lacrosse,93
1616,2018-06-19,2018,6,Queens,Playground for All Children,soccer,123
1617,2018-06-19,2018,6,Queens,Playground for All Children,basketball,123
1618,2018-06-19,2018,6,Queens,Playground for All Children,lacrosse,123
1619,2018-06-20,2018,6,Queens,Playground for All Children,soccer,193
1620,2018-06-20,2018,6,Queens,Playground for All Children,basketball,193
1621,2018-06-20,2018,6,Queens,Playground for All Children,lacrosse,193
1622,2018-06-21,2018,6,Queens,Playground for All Children,soccer,121
1623,2018-06-21,2018,6,Queens,Playground for All Children,basketball,121
1624,2018-06-21,2018,6,Queens,Playground for All Children,lacrosse,121
1625,2018-06-22,2018,6,Queens,Playground for All Children,soccer,93
1626,2018-06-22,2018,6,Queens,Playground for All Children,basketball,93
1627,2018-06-22,2018,6,Queens,Playground for All Children,lacrosse,93
1628,2018-07-06,2018,7,Brooklyn,Sunset Park,soccer,42
1629,2018-07-06,2018,7,Brooklyn,Sunset Park,basketball,42
1630,2018-07-06,2018,7,Brooklyn,Sunset Park,frisbee,42
1631,2018-07-06,2018,7,Brooklyn,Sunset Park,softball,42
1632,2018-07-06,2018,7,Brooklyn,Sunset Park,rugby,42
1633,2018-07-06,2018,7,Brooklyn,Sunset Park,track,42
1634,2018-07-06,2018,7,Brooklyn,Sunset Park,volleyball,42
1635,2018-07-06,2018,7,Brooklyn,Sunset Park,field games,42
1636,2018-07-06,2018,7,Brooklyn,Sunset Park,flag football,42
1637,2018-07-06,2018,7,Brooklyn,Sunset Park,lacrosse,42
1638,2018-07-06,2018,7,Brooklyn,Sunset Park,field hockey,42
1639,2018-07-06,2018,7,Brooklyn,Sunset Park,tumbling,42
1640,2018-07-07,2018,7,Brooklyn,Sunset Park,soccer,39
1641,2018-07-07,2018,7,Brooklyn,Sunset Park,basketball,39
1642,2018-07-07,2018,7,Brooklyn,Sunset Park,frisbee,39
1643,2018-07-07,2018,7,Brooklyn,Sunset Park,softball,39
1644,2018-07-07,2018,7,Brooklyn,Sunset Park,rugby,39
1645,2018-07-07,2018,7,Brooklyn,Sunset Park,track,39
1646,2018-07-07,2018,7,Brooklyn,Sunset Park,volleyball,39
1647,2018-07-07,2018,7,Brooklyn,Sunset Park,field games,39
1648,2018-07-07,2018,7,Brooklyn,Sunset Park,flag football,39
1649,2018-07-07,2018,7,Brooklyn,Sunset Park,lacrosse,39
1650,2018-07-07,2018,7,Brooklyn,Sunset Park,field hockey,39
1651,2018-07-07,2018,7,Brooklyn,Sunset Park,tumbling,39
1652,2018-07-09,2018,7,Brooklyn,Sunset Park,soccer,184
1653,2018-07-09,2018,7,Brooklyn,Sunset Park,basketball,184
1654,2018-07-09,2018,7,Brooklyn,Sunset Park,frisbee,184
1655,2018-07-09,2018,7,Brooklyn,Sunset Park,softball,184
1656,2018-07-09,2018,7,Brooklyn,Sunset Park,rugby,184
1657,2018-07-09,2018,7,Brooklyn,Sunset Park,track,184
1658,2018-07-09,2018,7,Brooklyn,Sunset Park,volleyball,184
1659,2018-07-09,2018,7,Brooklyn,Sunset Park,field games,184
1660,2018-07-09,2018,7,Brooklyn,Sunset Park,flag football,184
1661,2018-07-09,2018,7,Brooklyn,Sunset Park,lacrosse,184
1662,2018-07-09,2018,7,Brooklyn,Sunset Park,field hockey,184
1663,2018-07-09,2018,7,Brooklyn,Sunset Park,tumbling,184
1664,2018-07-10,2018,7,Brooklyn,Sunset Park,soccer,94
1665,2018-07-10,2018,7,Brooklyn,Sunset Park,basketball,94
1666,2018-07-10,2018,7,Brooklyn,Sunset Park,frisbee,94
1667,2018-07-10,2018,7,Brooklyn,Sunset Park,softball,94
1668,2018-07-10,2018,7,Brooklyn,Sunset Park,rugby,94
1669,2018-07-10,2018,7,Brooklyn,Sunset Park,track,94
1670,2018-07-10,2018,7,Brooklyn,Sunset Park,volleyball,94
1671,2018-07-10,2018,7,Brooklyn,Sunset Park,field games,94
1672,2018-07-10,2018,7,Brooklyn,Sunset Park,flag football,94
1673,2018-07-10,2018,7,Brooklyn,Sunset Park,lacrosse,94
1674,2018-07-10,2018,7,Brooklyn,Sunset Park,field hockey,94
1675,2018-07-10,2018,7,Brooklyn,Sunset Park,tumbling,94
1676,2018-07-10,2018,7,Brooklyn,Sunset Park,soccer,184
1677,2018-07-10,2018,7,Brooklyn,Sunset Park,basketball,184
1678,2018-07-10,2018,7,Brooklyn,Sunset Park,frisbee,184
1679,2018-07-10,2018,7,Brooklyn,Sunset Park,softball,184
1680,2018-07-10,2018,7,Brooklyn,Sunset Park,rugby,184
1681,2018-07-10,2018,7,Brooklyn,Sunset Park,track,184
1682,2018-07-10,2018,7,Brooklyn,Sunset Park,volleyball,184
1683,2018-07-10,2018,7,Brooklyn,Sunset Park,field games,184
1684,2018-07-10,2018,7,Brooklyn,Sunset Park,flag football,184
1685,2018-07-10,2018,7,Brooklyn,Sunset Park,lacrosse,184
1686,2018-07-10,2018,7,Brooklyn,Sunset Park,field hockey,184
1687,2018-07-10,2018,7,Brooklyn,Sunset Park,tumbling,184
1688,2018-07-11,2018,7,Brooklyn,Sunset Park,soccer,170
1689,2018-07-11,2018,7,Brooklyn,Sunset Park,basketball,170
1690,2018-07-11,2018,7,Brooklyn,Sunset Park,frisbee,170
1691,2018-07-11,2018,7,Brooklyn,Sunset Park,softball,170
1692,2018-07-11,2018,7,Brooklyn,Sunset Park,rugby,170
1693,2018-07-11,2018,7,Brooklyn,Sunset Park,track,170
1694,2018-07-11,2018,7,Brooklyn,Sunset Park,volleyball,170
1695,2018-07-11,2018,7,Brooklyn,Sunset Park,field games,170
1696,2018-07-11,2018,7,Brooklyn,Sunset Park,flag football,170
1697,2018-07-11,2018,7,Brooklyn,Sunset Park,lacrosse,170
1698,2018-07-11,2018,7,Brooklyn,Sunset Park,field hockey,170
1699,2018-07-11,2018,7,Brooklyn,Sunset Park,tumbling,170
1700,2018-07-12,2018,7,Brooklyn,Sunset Park,soccer,194
1701,2018-07-12,2018,7,Brooklyn,Sunset Park,basketball,194
1702,2018-07-12,2018,7,Brooklyn,Sunset Park,frisbee,194
1703,2018-07-12,2018,7,Brooklyn,Sunset Park,softball,194
1704,2018-07-12,2018,7,Brooklyn,Sunset Park,rugby,194
1705,2018-07-12,2018,7,Brooklyn,Sunset Park,track,194
1706,2018-07-12,2018,7,Brooklyn,Sunset Park,volleyball,194
1707,2018-07-12,2018,7,Brooklyn,Sunset Park,field games,194
1708,2018-07-12,2018,7,Brooklyn,Sunset Park,flag football,194
1709,2018-07-12,2018,7,Brooklyn,Sunset Park,lacrosse,194
1710,2018-07-12,2018,7,Brooklyn,Sunset Park,field hockey,194
1711,2018-07-12,2018,7,Brooklyn,Sunset Park,tumbling,194
1712,2018-07-13,2018,7,Brooklyn,Sunset Park,soccer,203
1713,2018-07-13,2018,7,Brooklyn,Sunset Park,basketball,203
1714,2018-07-13,2018,7,Brooklyn,Sunset Park,frisbee,203
1715,2018-07-13,2018,7,Brooklyn,Sunset Park,softball,203
1716,2018-07-13,2018,7,Brooklyn,Sunset Park,rugby,203
1717,2018-07-13,2018,7,Brooklyn,Sunset Park,track,203
1718,2018-07-13,2018,7,Brooklyn,Sunset Park,volleyball,203
1719,2018-07-13,2018,7,Brooklyn,Sunset Park,field games,203
1720,2018-07-13,2018,7,Brooklyn,Sunset Park,flag football,203
1721,2018-07-13,2018,7,Brooklyn,Sunset Park,lacrosse,203
1722,2018-07-13,2018,7,Brooklyn,Sunset Park,field hockey,203
1723,2018-07-13,2018,7,Brooklyn,Sunset Park,tumbling,203
1724,2018-07-14,2018,7,Brooklyn,Sunset Park,soccer,180
1725,2018-07-14,2018,7,Brooklyn,Sunset Park,basketball,180
1726,2018-07-14,2018,7,Brooklyn,Sunset Park,frisbee,180
1727,2018-07-14,2018,7,Brooklyn,Sunset Park,softball,180
1728,2018-07-14,2018,7,Brooklyn,Sunset Park,rugby,180
1729,2018-07-14,2018,7,Brooklyn,Sunset Park,track,180
1730,2018-07-14,2018,7,Brooklyn,Sunset Park,volleyball,180
1731,2018-07-14,2018,7,Brooklyn,Sunset Park,field games,180
1732,2018-07-14,2018,7,Brooklyn,Sunset Park,flag football,180
1733,2018-07-14,2018,7,Brooklyn,Sunset Park,lacrosse,180
1734,2018-07-14,2018,7,Brooklyn,Sunset Park,field hockey,180
1735,2018-07-14,2018,7,Brooklyn,Sunset Park,tumbling,180
1736,2018-07-05,2018,7,Queens,Playground for All Children,basketball,214
1737,2018-07-05,2018,7,Queens,Playground for All Children,baseball,214
1738,2018-07-05,2018,7,Queens,Playground for All Children,volleyball,214
1739,2018-07-05,2018,7,Queens,Playground for All Children,flag football,214
1740,2018-07-05,2018,7,Queens,Playground for All Children,lacrosse,214
1741,2018-07-06,2018,7,Queens,Playground for All Children,basketball,75
1742,2018-07-06,2018,7,Queens,Playground for All Children,baseball,75
1743,2018-07-06,2018,7,Queens,Playground for All Children,volleyball,75
1744,2018-07-06,2018,7,Queens,Playground for All Children,flag football,75
1745,2018-07-06,2018,7,Queens,Playground for All Children,lacrosse,75
1746,2018-07-07,2018,7,Queens,Playground for All Children,basketball,321
1747,2018-07-07,2018,7,Queens,Playground for All Children,baseball,321
1748,2018-07-07,2018,7,Queens,Playground for All Children,volleyball,321
1749,2018-07-07,2018,7,Queens,Playground for All Children,flag football,321
1750,2018-07-07,2018,7,Queens,Playground for All Children,lacrosse,321
1751,2018-07-02,2018,7,Bronx,Williamsbridge Oval,soccer,24
1752,2018-07-02,2018,7,Bronx,Williamsbridge Oval,basketball,24
1753,2018-07-02,2018,7,Bronx,Williamsbridge Oval,kickball,24
1754,2018-07-02,2018,7,Bronx,Williamsbridge Oval,volleyball,24
1755,2018-07-02,2018,7,Bronx,Williamsbridge Oval,arts and crafts,24
1756,2018-07-03,2018,7,Bronx,Williamsbridge Oval,soccer,20
1757,2018-07-03,2018,7,Bronx,Williamsbridge Oval,basketball,20
1758,2018-07-03,2018,7,Bronx,Williamsbridge Oval,kickball,20
1759,2018-07-03,2018,7,Bronx,Williamsbridge Oval,volleyball,20
1760,2018-07-03,2018,7,Bronx,Williamsbridge Oval,arts and crafts,20
1761,2018-07-05,2018,7,Bronx,Williamsbridge Oval,soccer,13
1762,2018-07-05,2018,7,Bronx,Williamsbridge Oval,basketball,13
1763,2018-07-05,2018,7,Bronx,Williamsbridge Oval,kickball,13
1764,2018-07-05,2018,7,Bronx,Williamsbridge Oval,volleyball,13
1765,2018-07-05,2018,7,Bronx,Williamsbridge Oval,arts and crafts,13
1766,2018-07-06,2018,7,Bronx,Williamsbridge Oval,soccer,15
1767,2018-07-06,2018,7,Bronx,Williamsbridge Oval,basketball,15
1768,2018-07-06,2018,7,Bronx,Williamsbridge Oval,kickball,15
1769,2018-07-06,2018,7,Bronx,Williamsbridge Oval,volleyball,15
1770,2018-07-06,2018,7,Bronx,Williamsbridge Oval,arts and crafts,15
1771,2018-06-25,2018,6,Bronx,Williamsbridge Oval,soccer,2
1772,2018-06-25,2018,6,Bronx,Williamsbridge Oval,basketball,2
1773,2018-06-25,2018,6,Bronx,Williamsbridge Oval,tennis,2
1774,2018-06-25,2018,6,Bronx,Williamsbridge Oval,track & field,2
1775,2018-06-26,2018,6,Bronx,Williamsbridge Oval,soccer,15
1776,2018-06-26,2018,6,Bronx,Williamsbridge Oval,basketball,15
1777,2018-06-26,2018,6,Bronx,Williamsbridge Oval,tennis,15
1778,2018-06-26,2018,6,Bronx,Williamsbridge Oval,track & field,15
1779,2018-06-27,2018,6,Bronx,Williamsbridge Oval,soccer,20
1780,2018-06-27,2018,6,Bronx,Williamsbridge Oval,basketball,20
1781,2018-06-27,2018,6,Bronx,Williamsbridge Oval,tennis,20
1782,2018-06-27,2018,6,Bronx,Williamsbridge Oval,track & field,20
1783,2018-06-28,2018,6,Bronx,Williamsbridge Oval,soccer,25
1784,2018-06-28,2018,6,Bronx,Williamsbridge Oval,basketball,25
1785,2018-06-28,2018,6,Bronx,Williamsbridge Oval,tennis,25
1786,2018-06-28,2018,6,Bronx,Williamsbridge Oval,track & field,25
1787,2018-07-17,2018,7,Brooklyn,Sunset Park,soccer,189
1788,2018-07-17,2018,7,Brooklyn,Sunset Park,basketball,189
1789,2018-07-17,2018,7,Brooklyn,Sunset Park,frisbee,189
1790,2018-07-17,2018,7,Brooklyn,Sunset Park,softball,189
1791,2018-07-17,2018,7,Brooklyn,Sunset Park,rugby,189
1792,2018-07-17,2018,7,Brooklyn,Sunset Park,track,189
1793,2018-07-17,2018,7,Brooklyn,Sunset Park,volleyball,189
1794,2018-07-17,2018,7,Brooklyn,Sunset Park,field games,189
1795,2018-07-17,2018,7,Brooklyn,Sunset Park,flag football,189
1796,2018-07-17,2018,7,Brooklyn,Sunset Park,lacrosse,189
1797,2018-07-17,2018,7,Brooklyn,Sunset Park,field hockey,189
1798,2018-07-17,2018,7,Brooklyn,Sunset Park,tumbling,189
1799,2018-07-18,2018,7,Brooklyn,Sunset Park,soccer,104
1800,2018-07-18,2018,7,Brooklyn,Sunset Park,basketball,104
1801,2018-07-18,2018,7,Brooklyn,Sunset Park,frisbee,104
1802,2018-07-18,2018,7,Brooklyn,Sunset Park,softball,104
1803,2018-07-18,2018,7,Brooklyn,Sunset Park,rugby,104
1804,2018-07-18,2018,7,Brooklyn,Sunset Park,track,104
1805,2018-07-18,2018,7,Brooklyn,Sunset Park,volleyball,104
1806,2018-07-18,2018,7,Brooklyn,Sunset Park,field games,104
1807,2018-07-18,2018,7,Brooklyn,Sunset Park,flag football,104
1808,2018-07-18,2018,7,Brooklyn,Sunset Park,lacrosse,104
1809,2018-07-18,2018,7,Brooklyn,Sunset Park,field hockey,104
1810,2018-07-18,2018,7,Brooklyn,Sunset Park,tumbling,104
1811,2018-07-19,2018,7,Brooklyn,Sunset Park,soccer,236
1812,2018-07-19,2018,7,Brooklyn,Sunset Park,basketball,236
1813,2018-07-19,2018,7,Brooklyn,Sunset Park,frisbee,236
1814,2018-07-19,2018,7,Brooklyn,Sunset Park,softball,236
1815,2018-07-19,2018,7,Brooklyn,Sunset Park,rugby,236
1816,2018-07-19,2018,7,Brooklyn,Sunset Park,track,236
1817,2018-07-19,2018,7,Brooklyn,Sunset Park,volleyball,236
1818,2018-07-19,2018,7,Brooklyn,Sunset Park,field games,236
1819,2018-07-19,2018,7,Brooklyn,Sunset Park,flag football,236
1820,2018-07-19,2018,7,Brooklyn,Sunset Park,lacrosse,236
1821,2018-07-19,2018,7,Brooklyn,Sunset Park,field hockey,236
1822,2018-07-19,2018,7,Brooklyn,Sunset Park,tumbling,236
1823,2018-07-20,2018,7,Brooklyn,Sunset Park,soccer,164
1824,2018-07-20,2018,7,Brooklyn,Sunset Park,basketball,164
1825,2018-07-20,2018,7,Brooklyn,Sunset Park,frisbee,164
1826,2018-07-20,2018,7,Brooklyn,Sunset Park,softball,164
1827,2018-07-20,2018,7,Brooklyn,Sunset Park,rugby,164
1828,2018-07-20,2018,7,Brooklyn,Sunset Park,track,164
1829,2018-07-20,2018,7,Brooklyn,Sunset Park,volleyball,164
1830,2018-07-20,2018,7,Brooklyn,Sunset Park,field games,164
1831,2018-07-20,2018,7,Brooklyn,Sunset Park,flag football,164
1832,2018-07-20,2018,7,Brooklyn,Sunset Park,lacrosse,164
1833,2018-07-20,2018,7,Brooklyn,Sunset Park,field hockey,164
1834,2018-07-20,2018,7,Brooklyn,Sunset Park,tumbling,164
1835,2018-07-21,2018,7,Brooklyn,Sunset Park,soccer,162
1836,2018-07-21,2018,7,Brooklyn,Sunset Park,basketball,162
1837,2018-07-21,2018,7,Brooklyn,Sunset Park,frisbee,162
1838,2018-07-21,2018,7,Brooklyn,Sunset Park,softball,162
1839,2018-07-21,2018,7,Brooklyn,Sunset Park,rugby,162
1840,2018-07-21,2018,7,Brooklyn,Sunset Park,track,162
1841,2018-07-21,2018,7,Brooklyn,Sunset Park,volleyball,162
1842,2018-07-21,2018,7,Brooklyn,Sunset Park,field games,162
1843,2018-07-21,2018,7,Brooklyn,Sunset Park,flag football,162
1844,2018-07-21,2018,7,Brooklyn,Sunset Park,lacrosse,162
1845,2018-07-21,2018,7,Brooklyn,Sunset Park,field hockey,162
1846,2018-07-21,2018,7,Brooklyn,Sunset Park,tumbling,162
1847,2018-07-10,2018,7,Queens,Playground for All Children,basketball,319
1848,2018-07-10,2018,7,Queens,Playground for All Children,softball,319
1849,2018-07-10,2018,7,Queens,Playground for All Children,drills,319
1850,2018-07-10,2018,7,Queens,Playground for All Children,lacrosse,319
1851,2018-07-10,2018,7,Queens,Playground for All Children,agility training,319
1852,2018-07-10,2018,7,Queens,Playground for All Children,jacks,319
1853,2018-07-11,2018,7,Queens,Playground for All Children,basketball,344
1854,2018-07-11,2018,7,Queens,Playground for All Children,softball,344
1855,2018-07-11,2018,7,Queens,Playground for All Children,drills,344
1856,2018-07-11,2018,7,Queens,Playground for All Children,lacrosse,344
1857,2018-07-11,2018,7,Queens,Playground for All Children,agility training,344
1858,2018-07-11,2018,7,Queens,Playground for All Children,jacks,344
1859,2018-07-12,2018,7,Queens,Playground for All Children,basketball,232
1860,2018-07-12,2018,7,Queens,Playground for All Children,softball,232
1861,2018-07-12,2018,7,Queens,Playground for All Children,drills,232
1862,2018-07-12,2018,7,Queens,Playground for All Children,lacrosse,232
1863,2018-07-12,2018,7,Queens,Playground for All Children,agility training,232
1864,2018-07-12,2018,7,Queens,Playground for All Children,jacks,232
1865,2018-07-13,2018,7,Queens,Playground for All Children,basketball,361
1866,2018-07-13,2018,7,Queens,Playground for All Children,softball,361
1867,2018-07-13,2018,7,Queens,Playground for All Children,drills,361
1868,2018-07-13,2018,7,Queens,Playground for All Children,lacrosse,361
1869,2018-07-13,2018,7,Queens,Playground for All Children,agility training,361
1870,2018-07-13,2018,7,Queens,Playground for All Children,jacks,361
1871,2018-07-14,2018,7,Queens,Playground for All Children,basketball,161
1872,2018-07-14,2018,7,Queens,Playground for All Children,softball,161
1873,2018-07-14,2018,7,Queens,Playground for All Children,drills,161
1874,2018-07-14,2018,7,Queens,Playground for All Children,lacrosse,161
1875,2018-07-14,2018,7,Queens,Playground for All Children,agility training,161
1876,2018-07-14,2018,7,Queens,Playground for All Children,jacks,161
1877,2018-07-09,2018,7,Bronx,Williamsbridge Oval,soccer,3
1878,2018-07-09,2018,7,Bronx,Williamsbridge Oval,basketball,3
1879,2018-07-09,2018,7,Bronx,Williamsbridge Oval,kickball,3
1880,2018-07-09,2018,7,Bronx,Williamsbridge Oval,volleyball,3
1881,2018-07-09,2018,7,Bronx,Williamsbridge Oval,flag football,3
1882,2018-07-10,2018,7,Bronx,Williamsbridge Oval,soccer,42
1883,2018-07-10,2018,7,Bronx,Williamsbridge Oval,basketball,42
1884,2018-07-10,2018,7,Bronx,Williamsbridge Oval,kickball,42
1885,2018-07-10,2018,7,Bronx,Williamsbridge Oval,volleyball,42
1886,2018-07-10,2018,7,Bronx,Williamsbridge Oval,flag football,42
1887,2018-07-11,2018,7,Bronx,Williamsbridge Oval,soccer,66
1888,2018-07-11,2018,7,Bronx,Williamsbridge Oval,basketball,66
1889,2018-07-11,2018,7,Bronx,Williamsbridge Oval,kickball,66
1890,2018-07-11,2018,7,Bronx,Williamsbridge Oval,volleyball,66
1891,2018-07-11,2018,7,Bronx,Williamsbridge Oval,flag football,66
1892,2018-07-12,2018,7,Bronx,Williamsbridge Oval,soccer,35
1893,2018-07-12,2018,7,Bronx,Williamsbridge Oval,basketball,35
1894,2018-07-12,2018,7,Bronx,Williamsbridge Oval,kickball,35
1895,2018-07-12,2018,7,Bronx,Williamsbridge Oval,volleyball,35
1896,2018-07-12,2018,7,Bronx,Williamsbridge Oval,flag football,35
1897,2018-07-13,2018,7,Bronx,Williamsbridge Oval,soccer,13
1898,2018-07-13,2018,7,Bronx,Williamsbridge Oval,basketball,13
1899,2018-07-13,2018,7,Bronx,Williamsbridge Oval,kickball,13
1900,2018-07-13,2018,7,Bronx,Williamsbridge Oval,volleyball,13
1901,2018-07-13,2018,7,Bronx,Williamsbridge Oval,flag football,13
1902,2018-07-15,2018,7,Bronx,Williamsbridge Oval,soccer,20
1903,2018-07-15,2018,7,Bronx,Williamsbridge Oval,basketball,20
1904,2018-07-15,2018,7,Bronx,Williamsbridge Oval,frisbee,20
1905,2018-07-15,2018,7,Bronx,Williamsbridge Oval,track & field,20
1906,2018-07-15,2018,7,Bronx,Williamsbridge Oval,pickleball,20
1907,2018-07-16,2018,7,Bronx,Williamsbridge Oval,soccer,30
1908,2018-07-16,2018,7,Bronx,Williamsbridge Oval,basketball,30
1909,2018-07-16,2018,7,Bronx,Williamsbridge Oval,frisbee,30
1910,2018-07-16,2018,7,Bronx,Williamsbridge Oval,track & field,30
1911,2018-07-16,2018,7,Bronx,Williamsbridge Oval,pickleball,30
1912,2018-07-17,2018,7,Bronx,Williamsbridge Oval,soccer,14
1913,2018-07-17,2018,7,Bronx,Williamsbridge Oval,basketball,14
1914,2018-07-17,2018,7,Bronx,Williamsbridge Oval,frisbee,14
1915,2018-07-17,2018,7,Bronx,Williamsbridge Oval,track & field,14
1916,2018-07-17,2018,7,Bronx,Williamsbridge Oval,pickleball,14
1917,2018-07-18,2018,7,Bronx,Williamsbridge Oval,soccer,34
1918,2018-07-18,2018,7,Bronx,Williamsbridge Oval,basketball,34
1919,2018-07-18,2018,7,Bronx,Williamsbridge Oval,frisbee,34
1920,2018-07-18,2018,7,Bronx,Williamsbridge Oval,track & field,34
1921,2018-07-18,2018,7,Bronx,Williamsbridge Oval,pickleball,34
1922,2018-07-20,2018,7,Bronx,Williamsbridge Oval,soccer,67
1923,2018-07-20,2018,7,Bronx,Williamsbridge Oval,basketball,67
1924,2018-07-20,2018,7,Bronx,Williamsbridge Oval,frisbee,67
1925,2018-07-20,2018,7,Bronx,Williamsbridge Oval,track & field,67
1926,2018-07-20,2018,7,Bronx,Williamsbridge Oval,pickleball,67
1927,2018-07-24,2018,7,Brooklyn,Sunset Park,soccer,90
1928,2018-07-24,2018,7,Brooklyn,Sunset Park,basketball,90
1929,2018-07-24,2018,7,Brooklyn,Sunset Park,frisbee,90
1930,2018-07-24,2018,7,Brooklyn,Sunset Park,softball,90
1931,2018-07-24,2018,7,Brooklyn,Sunset Park,rugby,90
1932,2018-07-24,2018,7,Brooklyn,Sunset Park,track,90
1933,2018-07-24,2018,7,Brooklyn,Sunset Park,volleyball,90
1934,2018-07-24,2018,7,Brooklyn,Sunset Park,field games,90
1935,2018-07-24,2018,7,Brooklyn,Sunset Park,flag football,90
1936,2018-07-24,2018,7,Brooklyn,Sunset Park,lacrosse,90
1937,2018-07-24,2018,7,Brooklyn,Sunset Park,field hockey,90
1938,2018-07-24,2018,7,Brooklyn,Sunset Park,tumbling,90
1939,2018-07-25,2018,7,Brooklyn,Sunset Park,soccer,184
1940,2018-07-25,2018,7,Brooklyn,Sunset Park,basketball,184
1941,2018-07-25,2018,7,Brooklyn,Sunset Park,frisbee,184
1942,2018-07-25,2018,7,Brooklyn,Sunset Park,softball,184
1943,2018-07-25,2018,7,Brooklyn,Sunset Park,rugby,184
1944,2018-07-25,2018,7,Brooklyn,Sunset Park,track,184
1945,2018-07-25,2018,7,Brooklyn,Sunset Park,volleyball,184
1946,2018-07-25,2018,7,Brooklyn,Sunset Park,field games,184
1947,2018-07-25,2018,7,Brooklyn,Sunset Park,flag football,184
1948,2018-07-25,2018,7,Brooklyn,Sunset Park,lacrosse,184
1949,2018-07-25,2018,7,Brooklyn,Sunset Park,field hockey,184
1950,2018-07-25,2018,7,Brooklyn,Sunset Park,tumbling,184
1951,2018-07-26,2018,7,Brooklyn,Sunset Park,soccer,52
1952,2018-07-26,2018,7,Brooklyn,Sunset Park,basketball,52
1953,2018-07-26,2018,7,Brooklyn,Sunset Park,frisbee,52
1954,2018-07-26,2018,7,Brooklyn,Sunset Park,softball,52
1955,2018-07-26,2018,7,Brooklyn,Sunset Park,rugby,52
1956,2018-07-26,2018,7,Brooklyn,Sunset Park,track,52
1957,2018-07-26,2018,7,Brooklyn,Sunset Park,volleyball,52
1958,2018-07-26,2018,7,Brooklyn,Sunset Park,field games,52
1959,2018-07-26,2018,7,Brooklyn,Sunset Park,flag football,52
1960,2018-07-26,2018,7,Brooklyn,Sunset Park,lacrosse,52
1961,2018-07-26,2018,7,Brooklyn,Sunset Park,field hockey,52
1962,2018-07-26,2018,7,Brooklyn,Sunset Park,tumbling,52
1963,2018-07-27,2018,7,Brooklyn,Sunset Park,soccer,156
1964,2018-07-27,2018,7,Brooklyn,Sunset Park,basketball,156
1965,2018-07-27,2018,7,Brooklyn,Sunset Park,frisbee,156
1966,2018-07-27,2018,7,Brooklyn,Sunset Park,softball,156
1967,2018-07-27,2018,7,Brooklyn,Sunset Park,rugby,156
1968,2018-07-27,2018,7,Brooklyn,Sunset Park,track,156
1969,2018-07-27,2018,7,Brooklyn,Sunset Park,volleyball,156
1970,2018-07-27,2018,7,Brooklyn,Sunset Park,field games,156
1971,2018-07-27,2018,7,Brooklyn,Sunset Park,flag football,156
1972,2018-07-27,2018,7,Brooklyn,Sunset Park,lacrosse,156
1973,2018-07-27,2018,7,Brooklyn,Sunset Park,field hockey,156
1974,2018-07-27,2018,7,Brooklyn,Sunset Park,tumbling,156
1975,2018-07-28,2018,7,Brooklyn,Sunset Park,soccer,138
1976,2018-07-28,2018,7,Brooklyn,Sunset Park,basketball,138
1977,2018-07-28,2018,7,Brooklyn,Sunset Park,frisbee,138
1978,2018-07-28,2018,7,Brooklyn,Sunset Park,softball,138
1979,2018-07-28,2018,7,Brooklyn,Sunset Park,rugby,138
1980,2018-07-28,2018,7,Brooklyn,Sunset Park,track,138
1981,2018-07-28,2018,7,Brooklyn,Sunset Park,volleyball,138
1982,2018-07-28,2018,7,Brooklyn,Sunset Park,field games,138
1983,2018-07-28,2018,7,Brooklyn,Sunset Park,flag football,138
1984,2018-07-28,2018,7,Brooklyn,Sunset Park,lacrosse,138
1985,2018-07-28,2018,7,Brooklyn,Sunset Park,field hockey,138
1986,2018-07-28,2018,7,Brooklyn,Sunset Park,tumbling,138
1987,2018-07-17,2018,7,Queens,Playground for All Children,soccer,207
1988,2018-07-17,2018,7,Queens,Playground for All Children,basketball,207
1989,2018-07-17,2018,7,Queens,Playground for All Children,football,207
1990,2018-07-17,2018,7,Queens,Playground for All Children,baseball,207
1991,2018-07-18,2018,7,Queens,Playground for All Children,soccer,271
1992,2018-07-18,2018,7,Queens,Playground for All Children,basketball,271
1993,2018-07-18,2018,7,Queens,Playground for All Children,football,271
1994,2018-07-18,2018,7,Queens,Playground for All Children,baseball,271
1995,2018-07-19,2018,7,Queens,Playground for All Children,soccer,229
1996,2018-07-19,2018,7,Queens,Playground for All Children,basketball,229
1997,2018-07-19,2018,7,Queens,Playground for All Children,football,229
1998,2018-07-19,2018,7,Queens,Playground for All Children,baseball,229
1999,2018-07-20,2018,7,Queens,Playground for All Children,soccer,403
2000,2018-07-20,2018,7,Queens,Playground for All Children,basketball,403
2001,2018-07-20,2018,7,Queens,Playground for All Children,football,403
2002,2018-07-20,2018,7,Queens,Playground for All Children,baseball,403
2003,2018-07-21,2018,7,Queens,Playground for All Children,soccer,150
2004,2018-07-21,2018,7,Queens,Playground for All Children,basketball,150
2005,2018-07-21,2018,7,Queens,Playground for All Children,football,150
2006,2018-07-21,2018,7,Queens,Playground for All Children,baseball,150
2007,2018-07-17,2018,7,Queens,Playground for All Children,soccer,103
2008,2018-07-17,2018,7,Queens,Playground for All Children,basketball,103
2009,2018-07-17,2018,7,Queens,Playground for All Children,football,103
2010,2018-07-17,2018,7,Queens,Playground for All Children,baseball,103
2011,2018-07-18,2018,7,Queens,Playground for All Children,soccer,220
2012,2018-07-18,2018,7,Queens,Playground for All Children,basketball,220
2013,2018-07-18,2018,7,Queens,Playground for All Children,football,220
2014,2018-07-18,2018,7,Queens,Playground for All Children,baseball,220
2015,2018-07-19,2018,7,Queens,Playground for All Children,soccer,204
2016,2018-07-19,2018,7,Queens,Playground for All Children,basketball,204
2017,2018-07-19,2018,7,Queens,Playground for All Children,football,204
2018,2018-07-19,2018,7,Queens,Playground for All Children,baseball,204
2019,2018-07-20,2018,7,Queens,Playground for All Children,soccer,147
2020,2018-07-20,2018,7,Queens,Playground for All Children,basketball,147
2021,2018-07-20,2018,7,Queens,Playground for All Children,football,147
2022,2018-07-20,2018,7,Queens,Playground for All Children,baseball,147
2023,2018-07-21,2018,7,Queens,Playground for All Children,soccer,192
2024,2018-07-21,2018,7,Queens,Playground for All Children,basketball,192
2025,2018-07-21,2018,7,Queens,Playground for All Children,football,192
2026,2018-07-21,2018,7,Queens,Playground for All Children,baseball,192
2027,2018-07-17,2018,7,Queens,Playground for All Children,basketball,103
2028,2018-07-17,2018,7,Queens,Playground for All Children,football,103
2029,2018-07-17,2018,7,Queens,Playground for All Children,baseball,103
2030,2018-07-18,2018,7,Queens,Playground for All Children,basketball,220
2031,2018-07-18,2018,7,Queens,Playground for All Children,football,220
2032,2018-07-18,2018,7,Queens,Playground for All Children,baseball,220
2033,2018-07-19,2018,7,Queens,Playground for All Children,basketball,204
2034,2018-07-19,2018,7,Queens,Playground for All Children,football,204
2035,2018-07-19,2018,7,Queens,Playground for All Children,baseball,204
2036,2018-07-20,2018,7,Queens,Playground for All Children,basketball,147
2037,2018-07-20,2018,7,Queens,Playground for All Children,football,147
2038,2018-07-20,2018,7,Queens,Playground for All Children,baseball,147
2039,2018-07-21,2018,7,Queens,Playground for All Children,basketball,192
2040,2018-07-21,2018,7,Queens,Playground for All Children,football,192
2041,2018-07-21,2018,7,Queens,Playground for All Children,baseball,192
2042,2018-07-10,2018,7,Manhattan,Thomas Jefferson Park,various sports,6
2043,2018-07-11,2018,7,Manhattan,Thomas Jefferson Park,various sports,7
2044,2018-07-12,2018,7,Manhattan,Thomas Jefferson Park,various sports,10
2045,2018-07-13,2018,7,Manhattan,Thomas Jefferson Park,various sports,7
2046,2018-07-14,2018,7,Manhattan,Thomas Jefferson Park,various sports,8
2047,2018-07-17,2018,7,Manhattan,Thomas Jefferson Park,various sports,7
2048,2018-07-18,2018,7,Manhattan,Thomas Jefferson Park,various sports,9
2049,2018-07-19,2018,7,Manhattan,Thomas Jefferson Park,various sports,8
2050,2018-07-20,2018,7,Manhattan,Thomas Jefferson Park,various sports,9
2051,2018-07-21,2018,7,Manhattan,Thomas Jefferson Park,various sports,10
2052,2018-07-24,2018,7,Manhattan,Thomas Jefferson Park,various sports,6
2053,2018-07-25,2018,7,Manhattan,Thomas Jefferson Park,various sports,9
2054,2018-07-26,2018,7,Manhattan,Thomas Jefferson Park,various sports,7
2055,2018-07-27,2018,7,Manhattan,Thomas Jefferson Park,various sports,8
2056,2018-07-28,2018,7,Manhattan,Thomas Jefferson Park,various sports,9
2057,2018-07-24,2018,7,Staten Island,Playground for All Children,basketball,70
2058,2018-07-24,2018,7,Staten Island,Playground for All Children,volleyball,70
2059,2018-07-24,2018,7,Staten Island,Playground for All Children,flag football,70
2060,2018-07-24,2018,7,Staten Island,Playground for All Children,pickleball,70
2061,2018-07-24,2018,7,Staten Island,Playground for All Children,bocce,70
2062,2018-07-25,2018,7,Staten Island,Playground for All Children,basketball,45
2063,2018-07-25,2018,7,Staten Island,Playground for All Children,volleyball,45
2064,2018-07-25,2018,7,Staten Island,Playground for All Children,flag football,45
2065,2018-07-25,2018,7,Staten Island,Playground for All Children,pickleball,45
2066,2018-07-25,2018,7,Staten Island,Playground for All Children,bocce,45
2067,2018-07-26,2018,7,Staten Island,Playground for All Children,basketball,80
2068,2018-07-26,2018,7,Staten Island,Playground for All Children,volleyball,80
2069,2018-07-26,2018,7,Staten Island,Playground for All Children,flag football,80
2070,2018-07-26,2018,7,Staten Island,Playground for All Children,pickleball,80
2071,2018-07-26,2018,7,Staten Island,Playground for All Children,bocce,80
2072,2018-07-27,2018,7,Staten Island,Playground for All Children,basketball,25
2073,2018-07-27,2018,7,Staten Island,Playground for All Children,volleyball,25
2074,2018-07-27,2018,7,Staten Island,Playground for All Children,flag football,25
2075,2018-07-27,2018,7,Staten Island,Playground for All Children,pickleball,25
2076,2018-07-27,2018,7,Staten Island,Playground for All Children,bocce,25
2077,2018-07-28,2018,7,Staten Island,Playground for All Children,basketball,200
2078,2018-07-28,2018,7,Staten Island,Playground for All Children,volleyball,200
2079,2018-07-28,2018,7,Staten Island,Playground for All Children,flag football,200
2080,2018-07-28,2018,7,Staten Island,Playground for All Children,pickleball,200
2081,2018-07-28,2018,7,Staten Island,Playground for All Children,bocce,200
2082,2018-07-05,2018,7,Staten Island,Playground for All Children,basketball,85
2083,2018-07-05,2018,7,Staten Island,Playground for All Children,flag football,85
2084,2018-07-06,2018,7,Staten Island,Playground for All Children,basketball,60
2085,2018-07-06,2018,7,Staten Island,Playground for All Children,flag football,60
2086,2018-07-07,2018,7,Staten Island,Playground for All Children,basketball,90
2087,2018-07-07,2018,7,Staten Island,Playground for All Children,flag football,90
2088,2018-07-11,2018,7,Staten Island,Playground for All Children,basketball,45
2089,2018-07-11,2018,7,Staten Island,Playground for All Children,flag football,45
2090,2018-07-11,2018,7,Staten Island,Playground for All Children,bocce,45
2091,2018-07-12,2018,7,Staten Island,Playground for All Children,basketball,65
2092,2018-07-12,2018,7,Staten Island,Playground for All Children,flag football,65
2093,2018-07-12,2018,7,Staten Island,Playground for All Children,bocce,65
2094,2018-07-13,2018,7,Staten Island,Playground for All Children,basketball,70
2095,2018-07-13,2018,7,Staten Island,Playground for All Children,flag football,70
2096,2018-07-13,2018,7,Staten Island,Playground for All Children,bocce,70
2097,2018-07-14,2018,7,Staten Island,Playground for All Children,basketball,200
2098,2018-07-14,2018,7,Staten Island,Playground for All Children,flag football,200
2099,2018-07-14,2018,7,Staten Island,Playground for All Children,bocce,200
2100,2018-07-17,2018,7,Staten Island,Playground for All Children,basketball,60
2101,2018-07-17,2018,7,Staten Island,Playground for All Children,flag football,60
2102,2018-07-17,2018,7,Staten Island,Playground for All Children,bocce,60
2103,2018-07-18,2018,7,Staten Island,Playground for All Children,basketball,50
2104,2018-07-18,2018,7,Staten Island,Playground for All Children,flag football,50
2105,2018-07-18,2018,7,Staten Island,Playground for All Children,bocce,50
2106,2018-07-19,2018,7,Staten Island,Playground for All Children,basketball,75
2107,2018-07-19,2018,7,Staten Island,Playground for All Children,flag football,75
2108,2018-07-19,2018,7,Staten Island,Playground for All Children,bocce,75
2109,2018-07-20,2018,7,Staten Island,Playground for All Children,basketball,80
2110,2018-07-20,2018,7,Staten Island,Playground for All Children,flag football,80
2111,2018-07-20,2018,7,Staten Island,Playground for All Children,bocce,80
2112,2018-07-21,2018,7,Staten Island,Playground for All Children,basketball,40
2113,2018-07-21,2018,7,Staten Island,Playground for All Children,flag football,40
2114,2018-07-21,2018,7,Staten Island,Playground for All Children,bocce,40
2115,2018-07-31,2018,7,Brooklyn,Sunset Park,soccer,138
2116,2018-07-31,2018,7,Brooklyn,Sunset Park,basketball,138
2117,2018-07-31,2018,7,Brooklyn,Sunset Park,frisbee,138
2118,2018-07-31,2018,7,Brooklyn,Sunset Park,softball,138
2119,2018-07-31,2018,7,Brooklyn,Sunset Park,rugby,138
2120,2018-07-31,2018,7,Brooklyn,Sunset Park,track,138
2121,2018-07-31,2018,7,Brooklyn,Sunset Park,volleyball,138
2122,2018-07-31,2018,7,Brooklyn,Sunset Park,field games,138
2123,2018-07-31,2018,7,Brooklyn,Sunset Park,flag football,138
2124,2018-07-31,2018,7,Brooklyn,Sunset Park,lacrosse,138
2125,2018-07-31,2018,7,Brooklyn,Sunset Park,field hockey,138
2126,2018-07-31,2018,7,Brooklyn,Sunset Park,tumbling,138
2127,2018-08-01,2018,8,Brooklyn,Sunset Park,soccer,162
2128,2018-08-01,2018,8,Brooklyn,Sunset Park,basketball,162
2129,2018-08-01,2018,8,Brooklyn,Sunset Park,frisbee,162
2130,2018-08-01,2018,8,Brooklyn,Sunset Park,softball,162
2131,2018-08-01,2018,8,Brooklyn,Sunset Park,rugby,162
2132,2018-08-01,2018,8,Brooklyn,Sunset Park,track,162
2133,2018-08-01,2018,8,Brooklyn,Sunset Park,volleyball,162
2134,2018-08-01,2018,8,Brooklyn,Sunset Park,field games,162
2135,2018-08-01,2018,8,Brooklyn,Sunset Park,flag football,162
2136,2018-08-01,2018,8,Brooklyn,Sunset Park,lacrosse,162
2137,2018-08-01,2018,8,Brooklyn,Sunset Park,field hockey,162
2138,2018-08-01,2018,8,Brooklyn,Sunset Park,tumbling,162
2139,2018-08-02,2018,8,Brooklyn,Sunset Park,soccer,73
2140,2018-08-02,2018,8,Brooklyn,Sunset Park,basketball,73
2141,2018-08-02,2018,8,Brooklyn,Sunset Park,frisbee,73
2142,2018-08-02,2018,8,Brooklyn,Sunset Park,softball,73
2143,2018-08-02,2018,8,Brooklyn,Sunset Park,rugby,73
2144,2018-08-02,2018,8,Brooklyn,Sunset Park,track,73
2145,2018-08-02,2018,8,Brooklyn,Sunset Park,volleyball,73
2146,2018-08-02,2018,8,Brooklyn,Sunset Park,field games,73
2147,2018-08-02,2018,8,Brooklyn,Sunset Park,flag football,73
2148,2018-08-02,2018,8,Brooklyn,Sunset Park,lacrosse,73
2149,2018-08-02,2018,8,Brooklyn,Sunset Park,field hockey,73
2150,2018-08-02,2018,8,Brooklyn,Sunset Park,tumbling,73
2151,2018-08-03,2018,8,Brooklyn,Sunset Park,soccer,125
2152,2018-08-03,2018,8,Brooklyn,Sunset Park,basketball,125
2153,2018-08-03,2018,8,Brooklyn,Sunset Park,frisbee,125
2154,2018-08-03,2018,8,Brooklyn,Sunset Park,softball,125
2155,2018-08-03,2018,8,Brooklyn,Sunset Park,rugby,125
2156,2018-08-03,2018,8,Brooklyn,Sunset Park,track,125
2157,2018-08-03,2018,8,Brooklyn,Sunset Park,volleyball,125
2158,2018-08-03,2018,8,Brooklyn,Sunset Park,field games,125
2159,2018-08-03,2018,8,Brooklyn,Sunset Park,flag football,125
2160,2018-08-03,2018,8,Brooklyn,Sunset Park,lacrosse,125
2161,2018-08-03,2018,8,Brooklyn,Sunset Park,field hockey,125
2162,2018-08-03,2018,8,Brooklyn,Sunset Park,tumbling,125
2163,2018-05-08,2018,5,Brooklyn,Sunset Park,soccer,36
2164,2018-05-08,2018,5,Brooklyn,Sunset Park,basketball,36
2165,2018-05-08,2018,5,Brooklyn,Sunset Park,track,36
2166,2018-05-08,2018,5,Brooklyn,Sunset Park,fitness,36
2167,2018-05-08,2018,5,Brooklyn,Sunset Park,dance,36
2168,2018-05-09,2018,5,Brooklyn,Sunset Park,soccer,31
2169,2018-05-09,2018,5,Brooklyn,Sunset Park,basketball,31
2170,2018-05-09,2018,5,Brooklyn,Sunset Park,track,31
2171,2018-05-09,2018,5,Brooklyn,Sunset Park,fitness,31
2172,2018-05-09,2018,5,Brooklyn,Sunset Park,dance,31
2173,2018-05-10,2018,5,Brooklyn,Sunset Park,soccer,33
2174,2018-05-10,2018,5,Brooklyn,Sunset Park,basketball,33
2175,2018-05-10,2018,5,Brooklyn,Sunset Park,track,33
2176,2018-05-10,2018,5,Brooklyn,Sunset Park,fitness,33
2177,2018-05-10,2018,5,Brooklyn,Sunset Park,dance,33
2178,2018-05-11,2018,5,Brooklyn,Sunset Park,soccer,32
2179,2018-05-11,2018,5,Brooklyn,Sunset Park,basketball,32
2180,2018-05-11,2018,5,Brooklyn,Sunset Park,track,32
2181,2018-05-11,2018,5,Brooklyn,Sunset Park,fitness,32
2182,2018-05-11,2018,5,Brooklyn,Sunset Park,dance,32
2183,2018-05-12,2018,5,Brooklyn,Sunset Park,soccer,22
2184,2018-05-12,2018,5,Brooklyn,Sunset Park,basketball,22
2185,2018-05-12,2018,5,Brooklyn,Sunset Park,track,22
2186,2018-05-12,2018,5,Brooklyn,Sunset Park,fitness,22
2187,2018-05-12,2018,5,Brooklyn,Sunset Park,dance,22
2188,2018-05-15,2018,5,Brooklyn,Sunset Park,soccer,46
2189,2018-05-15,2018,5,Brooklyn,Sunset Park,basketball,46
2190,2018-05-15,2018,5,Brooklyn,Sunset Park,track,46
2191,2018-05-15,2018,5,Brooklyn,Sunset Park,fitness,46
2192,2018-05-15,2018,5,Brooklyn,Sunset Park,dance,46
2193,2018-05-16,2018,5,Brooklyn,Sunset Park,soccer,46
2194,2018-05-16,2018,5,Brooklyn,Sunset Park,basketball,46
2195,2018-05-16,2018,5,Brooklyn,Sunset Park,track,46
2196,2018-05-16,2018,5,Brooklyn,Sunset Park,fitness,46
2197,2018-05-16,2018,5,Brooklyn,Sunset Park,dance,46
2198,2018-05-17,2018,5,Brooklyn,Sunset Park,soccer,47
2199,2018-05-17,2018,5,Brooklyn,Sunset Park,basketball,47
2200,2018-05-17,2018,5,Brooklyn,Sunset Park,track,47
2201,2018-05-17,2018,5,Brooklyn,Sunset Park,fitness,47
2202,2018-05-17,2018,5,Brooklyn,Sunset Park,dance,47
2203,2018-05-18,2018,5,Brooklyn,Sunset Park,soccer,37
2204,2018-05-18,2018,5,Brooklyn,Sunset Park,basketball,37
2205,2018-05-18,2018,5,Brooklyn,Sunset Park,track,37
2206,2018-05-18,2018,5,Brooklyn,Sunset Park,fitness,37
2207,2018-05-18,2018,5,Brooklyn,Sunset Park,dance,37
2208,2018-05-19,2018,5,Brooklyn,Sunset Park,soccer,36
2209,2018-05-19,2018,5,Brooklyn,Sunset Park,basketball,36
2210,2018-05-19,2018,5,Brooklyn,Sunset Park,track,36
2211,2018-05-19,2018,5,Brooklyn,Sunset Park,fitness,36
2212,2018-05-19,2018,5,Brooklyn,Sunset Park,dance,36
2213,2018-05-22,2018,5,Brooklyn,Sunset Park,soccer,47
2214,2018-05-22,2018,5,Brooklyn,Sunset Park,basketball,47
2215,2018-05-22,2018,5,Brooklyn,Sunset Park,track,47
2216,2018-05-22,2018,5,Brooklyn,Sunset Park,fitness,47
2217,2018-05-22,2018,5,Brooklyn,Sunset Park,dance,47
2218,2018-05-23,2018,5,Brooklyn,Sunset Park,soccer,40
2219,2018-05-23,2018,5,Brooklyn,Sunset Park,basketball,40
2220,2018-05-23,2018,5,Brooklyn,Sunset Park,track,40
2221,2018-05-23,2018,5,Brooklyn,Sunset Park,fitness,40
2222,2018-05-23,2018,5,Brooklyn,Sunset Park,dance,40
2223,2018-05-24,2018,5,Brooklyn,Sunset Park,soccer,44
2224,2018-05-24,2018,5,Brooklyn,Sunset Park,basketball,44
2225,2018-05-24,2018,5,Brooklyn,Sunset Park,track,44
2226,2018-05-24,2018,5,Brooklyn,Sunset Park,fitness,44
2227,2018-05-24,2018,5,Brooklyn,Sunset Park,dance,44
2228,2018-05-25,2018,5,Brooklyn,Sunset Park,soccer,36
2229,2018-05-25,2018,5,Brooklyn,Sunset Park,basketball,36
2230,2018-05-25,2018,5,Brooklyn,Sunset Park,track,36
2231,2018-05-25,2018,5,Brooklyn,Sunset Park,fitness,36
2232,2018-05-25,2018,5,Brooklyn,Sunset Park,dance,36
2233,2018-05-26,2018,5,Brooklyn,Sunset Park,soccer,49
2234,2018-05-26,2018,5,Brooklyn,Sunset Park,basketball,49
2235,2018-05-26,2018,5,Brooklyn,Sunset Park,track,49
2236,2018-05-26,2018,5,Brooklyn,Sunset Park,fitness,49
2237,2018-05-26,2018,5,Brooklyn,Sunset Park,dance,49
2238,2018-05-29,2018,5,Brooklyn,Sunset Park,soccer,43
2239,2018-05-29,2018,5,Brooklyn,Sunset Park,basketball,43
2240,2018-05-29,2018,5,Brooklyn,Sunset Park,track,43
2241,2018-05-29,2018,5,Brooklyn,Sunset Park,fitness,43
2242,2018-05-29,2018,5,Brooklyn,Sunset Park,dance,43
2243,2018-05-30,2018,5,Brooklyn,Sunset Park,soccer,48
2244,2018-05-30,2018,5,Brooklyn,Sunset Park,basketball,48
2245,2018-05-30,2018,5,Brooklyn,Sunset Park,track,48
2246,2018-05-30,2018,5,Brooklyn,Sunset Park,fitness,48
2247,2018-05-30,2018,5,Brooklyn,Sunset Park,dance,48
2248,2018-05-31,2018,5,Brooklyn,Sunset Park,soccer,48
2249,2018-05-31,2018,5,Brooklyn,Sunset Park,basketball,48
2250,2018-05-31,2018,5,Brooklyn,Sunset Park,track,48
2251,2018-05-31,2018,5,Brooklyn,Sunset Park,fitness,48
2252,2018-05-31,2018,5,Brooklyn,Sunset Park,dance,48
2253,2018-06-01,2018,6,Brooklyn,Sunset Park,soccer,39
2254,2018-06-01,2018,6,Brooklyn,Sunset Park,basketball,39
2255,2018-06-01,2018,6,Brooklyn,Sunset Park,track,39
2256,2018-06-01,2018,6,Brooklyn,Sunset Park,fitness,39
2257,2018-06-01,2018,6,Brooklyn,Sunset Park,dance,39
2258,2018-06-02,2018,6,Brooklyn,Sunset Park,soccer,37
2259,2018-06-02,2018,6,Brooklyn,Sunset Park,basketball,37
2260,2018-06-02,2018,6,Brooklyn,Sunset Park,track,37
2261,2018-06-02,2018,6,Brooklyn,Sunset Park,fitness,37
2262,2018-06-02,2018,6,Brooklyn,Sunset Park,dance,37
2263,2018-06-05,2018,6,Brooklyn,Sunset Park,soccer,45
2264,2018-06-05,2018,6,Brooklyn,Sunset Park,basketball,45
2265,2018-06-05,2018,6,Brooklyn,Sunset Park,track,45
2266,2018-06-05,2018,6,Brooklyn,Sunset Park,fitness,45
2267,2018-06-05,2018,6,Brooklyn,Sunset Park,dance,45
2268,2018-06-06,2018,6,Brooklyn,Sunset Park,soccer,39
2269,2018-06-06,2018,6,Brooklyn,Sunset Park,basketball,39
2270,2018-06-06,2018,6,Brooklyn,Sunset Park,track,39
2271,2018-06-06,2018,6,Brooklyn,Sunset Park,fitness,39
2272,2018-06-06,2018,6,Brooklyn,Sunset Park,dance,39
2273,2018-06-07,2018,6,Brooklyn,Sunset Park,soccer,42
2274,2018-06-07,2018,6,Brooklyn,Sunset Park,basketball,42
2275,2018-06-07,2018,6,Brooklyn,Sunset Park,track,42
2276,2018-06-07,2018,6,Brooklyn,Sunset Park,fitness,42
2277,2018-06-07,2018,6,Brooklyn,Sunset Park,dance,42
2278,2018-06-08,2018,6,Brooklyn,Sunset Park,soccer,31
2279,2018-06-08,2018,6,Brooklyn,Sunset Park,basketball,31
2280,2018-06-08,2018,6,Brooklyn,Sunset Park,track,31
2281,2018-06-08,2018,6,Brooklyn,Sunset Park,fitness,31
2282,2018-06-08,2018,6,Brooklyn,Sunset Park,dance,31
2283,2018-06-09,2018,6,Brooklyn,Sunset Park,soccer,50
2284,2018-06-09,2018,6,Brooklyn,Sunset Park,basketball,50
2285,2018-06-09,2018,6,Brooklyn,Sunset Park,track,50
2286,2018-06-09,2018,6,Brooklyn,Sunset Park,fitness,50
2287,2018-06-09,2018,6,Brooklyn,Sunset Park,dance,50
2288,2018-06-12,2018,6,Brooklyn,Sunset Park,soccer,37
2289,2018-06-12,2018,6,Brooklyn,Sunset Park,basketball,37
2290,2018-06-12,2018,6,Brooklyn,Sunset Park,track,37
2291,2018-06-12,2018,6,Brooklyn,Sunset Park,fitness,37
2292,2018-06-12,2018,6,Brooklyn,Sunset Park,dance,37
2293,2018-06-13,2018,6,Brooklyn,Sunset Park,soccer,42
2294,2018-06-13,2018,6,Brooklyn,Sunset Park,basketball,42
2295,2018-06-13,2018,6,Brooklyn,Sunset Park,track,42
2296,2018-06-13,2018,6,Brooklyn,Sunset Park,fitness,42
2297,2018-06-13,2018,6,Brooklyn,Sunset Park,dance,42
2298,2018-06-14,2018,6,Brooklyn,Sunset Park,soccer,31
2299,2018-06-14,2018,6,Brooklyn,Sunset Park,basketball,31
2300,2018-06-14,2018,6,Brooklyn,Sunset Park,track,31
2301,2018-06-14,2018,6,Brooklyn,Sunset Park,fitness,31
2302,2018-06-14,2018,6,Brooklyn,Sunset Park,dance,31
2303,2018-06-15,2018,6,Brooklyn,Sunset Park,soccer,30
2304,2018-06-15,2018,6,Brooklyn,Sunset Park,basketball,30
2305,2018-06-15,2018,6,Brooklyn,Sunset Park,track,30
2306,2018-06-15,2018,6,Brooklyn,Sunset Park,fitness,30
2307,2018-06-15,2018,6,Brooklyn,Sunset Park,dance,30
2308,2018-06-16,2018,6,Brooklyn,Sunset Park,soccer,27
2309,2018-06-16,2018,6,Brooklyn,Sunset Park,basketball,27
2310,2018-06-16,2018,6,Brooklyn,Sunset Park,track,27
2311,2018-06-16,2018,6,Brooklyn,Sunset Park,fitness,27
2312,2018-06-16,2018,6,Brooklyn,Sunset Park,dance,27
2313,2018-06-19,2018,6,Brooklyn,Sunset Park,soccer,27
2314,2018-06-19,2018,6,Brooklyn,Sunset Park,basketball,27
2315,2018-06-19,2018,6,Brooklyn,Sunset Park,track,27
2316,2018-06-19,2018,6,Brooklyn,Sunset Park,fitness,27
2317,2018-06-19,2018,6,Brooklyn,Sunset Park,dance,27
2318,2018-06-20,2018,6,Brooklyn,Sunset Park,soccer,23
2319,2018-06-20,2018,6,Brooklyn,Sunset Park,basketball,23
2320,2018-06-20,2018,6,Brooklyn,Sunset Park,track,23
2321,2018-06-20,2018,6,Brooklyn,Sunset Park,fitness,23
2322,2018-06-20,2018,6,Brooklyn,Sunset Park,dance,23
2323,2018-06-21,2018,6,Brooklyn,Sunset Park,soccer,22
2324,2018-06-21,2018,6,Brooklyn,Sunset Park,basketball,22
2325,2018-06-21,2018,6,Brooklyn,Sunset Park,track,22
2326,2018-06-21,2018,6,Brooklyn,Sunset Park,fitness,22
2327,2018-06-21,2018,6,Brooklyn,Sunset Park,dance,22
2328,2018-06-22,2018,6,Brooklyn,Sunset Park,soccer,25
2329,2018-06-22,2018,6,Brooklyn,Sunset Park,basketball,25
2330,2018-06-22,2018,6,Brooklyn,Sunset Park,track,25
2331,2018-06-22,2018,6,Brooklyn,Sunset Park,fitness,25
2332,2018-06-22,2018,6,Brooklyn,Sunset Park,dance,25
2333,2018-06-23,2018,6,Brooklyn,Sunset Park,soccer,18
2334,2018-06-23,2018,6,Brooklyn,Sunset Park,basketball,18
2335,2018-06-23,2018,6,Brooklyn,Sunset Park,track,18
2336,2018-06-23,2018,6,Brooklyn,Sunset Park,fitness,18
2337,2018-06-23,2018,6,Brooklyn,Sunset Park,dance,18
2338,2018-06-26,2018,6,Brooklyn,Sunset Park,soccer,18
2339,2018-06-26,2018,6,Brooklyn,Sunset Park,basketball,18
2340,2018-06-26,2018,6,Brooklyn,Sunset Park,track,18
2341,2018-06-26,2018,6,Brooklyn,Sunset Park,fitness,18
2342,2018-06-26,2018,6,Brooklyn,Sunset Park,dance,18
2343,2018-06-27,2018,6,Brooklyn,Sunset Park,soccer,12
2344,2018-06-27,2018,6,Brooklyn,Sunset Park,basketball,12
2345,2018-06-27,2018,6,Brooklyn,Sunset Park,track,12
2346,2018-06-27,2018,6,Brooklyn,Sunset Park,fitness,12
2347,2018-06-27,2018,6,Brooklyn,Sunset Park,dance,12
2348,2018-06-28,2018,6,Brooklyn,Sunset Park,soccer,20
2349,2018-06-28,2018,6,Brooklyn,Sunset Park,basketball,20
2350,2018-06-28,2018,6,Brooklyn,Sunset Park,track,20
2351,2018-06-28,2018,6,Brooklyn,Sunset Park,fitness,20
2352,2018-06-28,2018,6,Brooklyn,Sunset Park,dance,20
2353,2018-06-29,2018,6,Brooklyn,Sunset Park,soccer,17
2354,2018-06-29,2018,6,Brooklyn,Sunset Park,basketball,17
2355,2018-06-29,2018,6,Brooklyn,Sunset Park,track,17
2356,2018-06-29,2018,6,Brooklyn,Sunset Park,fitness,17
2357,2018-06-29,2018,6,Brooklyn,Sunset Park,dance,17
2358,2018-06-30,2018,6,Brooklyn,Sunset Park,soccer,15
2359,2018-06-30,2018,6,Brooklyn,Sunset Park,basketball,15
2360,2018-06-30,2018,6,Brooklyn,Sunset Park,track,15
2361,2018-06-30,2018,6,Brooklyn,Sunset Park,fitness,15
2362,2018-06-30,2018,6,Brooklyn,Sunset Park,dance,15
2363,2018-05-01,2018,5,Brooklyn,Sunset Park,soccer,46
2364,2018-05-01,2018,5,Brooklyn,Sunset Park,basketball,46
2365,2018-05-01,2018,5,Brooklyn,Sunset Park,track,46
2366,2018-05-01,2018,5,Brooklyn,Sunset Park,fitness,46
2367,2018-05-01,2018,5,Brooklyn,Sunset Park,dance,46
2368,2018-05-02,2018,5,Brooklyn,Sunset Park,soccer,42
2369,2018-05-02,2018,5,Brooklyn,Sunset Park,basketball,42
2370,2018-05-02,2018,5,Brooklyn,Sunset Park,track,42
2371,2018-05-02,2018,5,Brooklyn,Sunset Park,fitness,42
2372,2018-05-02,2018,5,Brooklyn,Sunset Park,dance,42
2373,2018-05-03,2018,5,Brooklyn,Sunset Park,soccer,42
2374,2018-05-03,2018,5,Brooklyn,Sunset Park,basketball,42
2375,2018-05-03,2018,5,Brooklyn,Sunset Park,track,42
2376,2018-05-03,2018,5,Brooklyn,Sunset Park,fitness,42
2377,2018-05-03,2018,5,Brooklyn,Sunset Park,dance,42
2378,2018-05-04,2018,5,Brooklyn,Sunset Park,soccer,47
2379,2018-05-04,2018,5,Brooklyn,Sunset Park,basketball,47
2380,2018-05-04,2018,5,Brooklyn,Sunset Park,track,47
2381,2018-05-04,2018,5,Brooklyn,Sunset Park,fitness,47
2382,2018-05-04,2018,5,Brooklyn,Sunset Park,dance,47
2383,2018-05-05,2018,5,Brooklyn,Sunset Park,soccer,45
2384,2018-05-05,2018,5,Brooklyn,Sunset Park,basketball,45
2385,2018-05-05,2018,5,Brooklyn,Sunset Park,track,45
2386,2018-05-05,2018,5,Brooklyn,Sunset Park,fitness,45
2387,2018-05-05,2018,5,Brooklyn,Sunset Park,dance,45
2388,2018-04-17,2018,4,Brooklyn,Sunset Park,soccer,42
2389,2018-04-17,2018,4,Brooklyn,Sunset Park,basketball,42
2390,2018-04-17,2018,4,Brooklyn,Sunset Park,track,42
2391,2018-04-17,2018,4,Brooklyn,Sunset Park,fitness,42
2392,2018-04-17,2018,4,Brooklyn,Sunset Park,dance,42
2393,2018-04-18,2018,4,Brooklyn,Sunset Park,soccer,53
2394,2018-04-18,2018,4,Brooklyn,Sunset Park,basketball,53
2395,2018-04-18,2018,4,Brooklyn,Sunset Park,track,53
2396,2018-04-18,2018,4,Brooklyn,Sunset Park,fitness,53
2397,2018-04-18,2018,4,Brooklyn,Sunset Park,dance,53
2398,2018-04-19,2018,4,Brooklyn,Sunset Park,soccer,39
2399,2018-04-19,2018,4,Brooklyn,Sunset Park,basketball,39
2400,2018-04-19,2018,4,Brooklyn,Sunset Park,track,39
2401,2018-04-19,2018,4,Brooklyn,Sunset Park,fitness,39
2402,2018-04-19,2018,4,Brooklyn,Sunset Park,dance,39
2403,2018-04-20,2018,4,Brooklyn,Sunset Park,soccer,43
2404,2018-04-20,2018,4,Brooklyn,Sunset Park,basketball,43
2405,2018-04-20,2018,4,Brooklyn,Sunset Park,track,43
2406,2018-04-20,2018,4,Brooklyn,Sunset Park,fitness,43
2407,2018-04-20,2018,4,Brooklyn,Sunset Park,dance,43
2408,2018-04-21,2018,4,Brooklyn,Sunset Park,soccer,50
2409,2018-04-21,2018,4,Brooklyn,Sunset Park,basketball,50
2410,2018-04-21,2018,4,Brooklyn,Sunset Park,track,50
2411,2018-04-21,2018,4,Brooklyn,Sunset Park,fitness,50
2412,2018-04-21,2018,4,Brooklyn,Sunset Park,dance,50
2413,2018-04-24,2018,4,Brooklyn,Sunset Park,soccer,33
2414,2018-04-24,2018,4,Brooklyn,Sunset Park,basketball,33
2415,2018-04-24,2018,4,Brooklyn,Sunset Park,track,33
2416,2018-04-24,2018,4,Brooklyn,Sunset Park,fitness,33
2417,2018-04-24,2018,4,Brooklyn,Sunset Park,dance,33
2418,2018-04-25,2018,4,Brooklyn,Sunset Park,soccer,47
2419,2018-04-25,2018,4,Brooklyn,Sunset Park,basketball,47
2420,2018-04-25,2018,4,Brooklyn,Sunset Park,track,47
2421,2018-04-25,2018,4,Brooklyn,Sunset Park,fitness,47
2422,2018-04-25,2018,4,Brooklyn,Sunset Park,dance,47
2423,2018-04-26,2018,4,Brooklyn,Sunset Park,soccer,41
2424,2018-04-26,2018,4,Brooklyn,Sunset Park,basketball,41
2425,2018-04-26,2018,4,Brooklyn,Sunset Park,track,41
2426,2018-04-26,2018,4,Brooklyn,Sunset Park,fitness,41
2427,2018-04-26,2018,4,Brooklyn,Sunset Park,dance,41
2428,2018-04-27,2018,4,Brooklyn,Sunset Park,soccer,23
2429,2018-04-27,2018,4,Brooklyn,Sunset Park,basketball,23
2430,2018-04-27,2018,4,Brooklyn,Sunset Park,track,23
2431,2018-04-27,2018,4,Brooklyn,Sunset Park,fitness,23
2432,2018-04-27,2018,4,Brooklyn,Sunset Park,dance,23
2433,2018-04-28,2018,4,Brooklyn,Sunset Park,soccer,49
2434,2018-04-28,2018,4,Brooklyn,Sunset Park,basketball,49
2435,2018-04-28,2018,4,Brooklyn,Sunset Park,track,49
2436,2018-04-28,2018,4,Brooklyn,Sunset Park,fitness,49
2437,2018-04-28,2018,4,Brooklyn,Sunset Park,dance,49
2438,2018-07-24,2018,7,Queens,Playground for All Children,soccer,60
2439,2018-07-24,2018,7,Queens,Playground for All Children,basketball,60
2440,2018-07-24,2018,7,Queens,Playground for All Children,baseball,60
2441,2018-07-26,2018,7,Queens,Playground for All Children,soccer,150
2442,2018-07-26,2018,7,Queens,Playground for All Children,basketball,150
2443,2018-07-26,2018,7,Queens,Playground for All Children,baseball,150
2444,2018-07-27,2018,7,Queens,Playground for All Children,soccer,108
2445,2018-07-27,2018,7,Queens,Playground for All Children,basketball,108
2446,2018-07-27,2018,7,Queens,Playground for All Children,baseball,108
2447,2018-07-24,2018,7,Queens,Playground for All Children,soccer,1441
2448,2018-07-24,2018,7,Queens,Playground for All Children,basketball,1441
2449,2018-07-24,2018,7,Queens,Playground for All Children,lacrosse,1441
2450,2018-07-26,2018,7,Queens,Playground for All Children,soccer,93
2451,2018-07-26,2018,7,Queens,Playground for All Children,basketball,93
2452,2018-07-26,2018,7,Queens,Playground for All Children,lacrosse,93
2453,2018-07-27,2018,7,Queens,Playground for All Children,soccer,174
2454,2018-07-27,2018,7,Queens,Playground for All Children,basketball,174
2455,2018-07-27,2018,7,Queens,Playground for All Children,lacrosse,174
2456,2018-07-24,2018,7,Queens,Playground for All Children,soccer,197
2457,2018-07-24,2018,7,Queens,Playground for All Children,basketball,197
2458,2018-07-24,2018,7,Queens,Playground for All Children,baseball,197
2459,2018-07-26,2018,7,Queens,Playground for All Children,soccer,100
2460,2018-07-26,2018,7,Queens,Playground for All Children,basketball,100
2461,2018-07-26,2018,7,Queens,Playground for All Children,baseball,100
2462,2018-07-27,2018,7,Queens,Playground for All Children,soccer,211
2463,2018-07-27,2018,7,Queens,Playground for All Children,basketball,211
2464,2018-07-27,2018,7,Queens,Playground for All Children,baseball,211
2465,2018-08-07,2018,8,Brooklyn,Sunset Park,soccer,96
2466,2018-08-07,2018,8,Brooklyn,Sunset Park,basketball,96
2467,2018-08-07,2018,8,Brooklyn,Sunset Park,frisbee,96
2468,2018-08-07,2018,8,Brooklyn,Sunset Park,softball,96
2469,2018-08-07,2018,8,Brooklyn,Sunset Park,rugby,96
2470,2018-08-07,2018,8,Brooklyn,Sunset Park,track,96
2471,2018-08-07,2018,8,Brooklyn,Sunset Park,volleyball,96
2472,2018-08-07,2018,8,Brooklyn,Sunset Park,field games,96
2473,2018-08-07,2018,8,Brooklyn,Sunset Park,flag football,96
2474,2018-08-07,2018,8,Brooklyn,Sunset Park,lacrosse,96
2475,2018-08-07,2018,8,Brooklyn,Sunset Park,field hockey,96
2476,2018-08-07,2018,8,Brooklyn,Sunset Park,tumbling,96
2477,2018-08-08,2018,8,Brooklyn,Sunset Park,soccer,56
2478,2018-08-08,2018,8,Brooklyn,Sunset Park,basketball,56
2479,2018-08-08,2018,8,Brooklyn,Sunset Park,frisbee,56
2480,2018-08-08,2018,8,Brooklyn,Sunset Park,softball,56
2481,2018-08-08,2018,8,Brooklyn,Sunset Park,rugby,56
2482,2018-08-08,2018,8,Brooklyn,Sunset Park,track,56
2483,2018-08-08,2018,8,Brooklyn,Sunset Park,volleyball,56
2484,2018-08-08,2018,8,Brooklyn,Sunset Park,field games,56
2485,2018-08-08,2018,8,Brooklyn,Sunset Park,flag football,56
2486,2018-08-08,2018,8,Brooklyn,Sunset Park,lacrosse,56
2487,2018-08-08,2018,8,Brooklyn,Sunset Park,field hockey,56
2488,2018-08-08,2018,8,Brooklyn,Sunset Park,tumbling,56
2489,2018-08-09,2018,8,Brooklyn,Sunset Park,soccer,95
2490,2018-08-09,2018,8,Brooklyn,Sunset Park,basketball,95
2491,2018-08-09,2018,8,Brooklyn,Sunset Park,frisbee,95
2492,2018-08-09,2018,8,Brooklyn,Sunset Park,softball,95
2493,2018-08-09,2018,8,Brooklyn,Sunset Park,rugby,95
2494,2018-08-09,2018,8,Brooklyn,Sunset Park,track,95
2495,2018-08-09,2018,8,Brooklyn,Sunset Park,volleyball,95
2496,2018-08-09,2018,8,Brooklyn,Sunset Park,field games,95
2497,2018-08-09,2018,8,Brooklyn,Sunset Park,flag football,95
2498,2018-08-09,2018,8,Brooklyn,Sunset Park,lacrosse,95
2499,2018-08-09,2018,8,Brooklyn,Sunset Park,field hockey,95
2500,2018-08-09,2018,8,Brooklyn,Sunset Park,tumbling,95
2501,2018-08-10,2018,8,Brooklyn,Sunset Park,soccer,115
2502,2018-08-10,2018,8,Brooklyn,Sunset Park,basketball,115
2503,2018-08-10,2018,8,Brooklyn,Sunset Park,frisbee,115
2504,2018-08-10,2018,8,Brooklyn,Sunset Park,softball,115
2505,2018-08-10,2018,8,Brooklyn,Sunset Park,rugby,115
2506,2018-08-10,2018,8,Brooklyn,Sunset Park,track,115
2507,2018-08-10,2018,8,Brooklyn,Sunset Park,volleyball,115
2508,2018-08-10,2018,8,Brooklyn,Sunset Park,field games,115
2509,2018-08-10,2018,8,Brooklyn,Sunset Park,flag football,115
2510,2018-08-10,2018,8,Brooklyn,Sunset Park,lacrosse,115
2511,2018-08-10,2018,8,Brooklyn,Sunset Park,field hockey,115
2512,2018-08-10,2018,8,Brooklyn,Sunset Park,tumbling,115
2513,2018-08-11,2018,8,Brooklyn,Sunset Park,soccer,141
2514,2018-08-11,2018,8,Brooklyn,Sunset Park,basketball,141
2515,2018-08-11,2018,8,Brooklyn,Sunset Park,frisbee,141
2516,2018-08-11,2018,8,Brooklyn,Sunset Park,softball,141
2517,2018-08-11,2018,8,Brooklyn,Sunset Park,rugby,141
2518,2018-08-11,2018,8,Brooklyn,Sunset Park,track,141
2519,2018-08-11,2018,8,Brooklyn,Sunset Park,volleyball,141
2520,2018-08-11,2018,8,Brooklyn,Sunset Park,field games,141
2521,2018-08-11,2018,8,Brooklyn,Sunset Park,flag football,141
2522,2018-08-11,2018,8,Brooklyn,Sunset Park,lacrosse,141
2523,2018-08-11,2018,8,Brooklyn,Sunset Park,field hockey,141
2524,2018-08-11,2018,8,Brooklyn,Sunset Park,tumbling,141
2525,2018-08-14,2018,8,Brooklyn,Sunset Park,soccer,42
2526,2018-08-14,2018,8,Brooklyn,Sunset Park,basketball,42
2527,2018-08-14,2018,8,Brooklyn,Sunset Park,frisbee,42
2528,2018-08-14,2018,8,Brooklyn,Sunset Park,softball,42
2529,2018-08-14,2018,8,Brooklyn,Sunset Park,rugby,42
2530,2018-08-14,2018,8,Brooklyn,Sunset Park,track,42
2531,2018-08-14,2018,8,Brooklyn,Sunset Park,volleyball,42
2532,2018-08-14,2018,8,Brooklyn,Sunset Park,field games,42
2533,2018-08-14,2018,8,Brooklyn,Sunset Park,flag football,42
2534,2018-08-14,2018,8,Brooklyn,Sunset Park,lacrosse,42
2535,2018-08-14,2018,8,Brooklyn,Sunset Park,field hockey,42
2536,2018-08-14,2018,8,Brooklyn,Sunset Park,tumbling,42
2537,2018-08-15,2018,8,Brooklyn,Sunset Park,soccer,141
2538,2018-08-15,2018,8,Brooklyn,Sunset Park,basketball,141
2539,2018-08-15,2018,8,Brooklyn,Sunset Park,frisbee,141
2540,2018-08-15,2018,8,Brooklyn,Sunset Park,softball,141
2541,2018-08-15,2018,8,Brooklyn,Sunset Park,rugby,141
2542,2018-08-15,2018,8,Brooklyn,Sunset Park,track,141
2543,2018-08-15,2018,8,Brooklyn,Sunset Park,volleyball,141
2544,2018-08-15,2018,8,Brooklyn,Sunset Park,field games,141
2545,2018-08-15,2018,8,Brooklyn,Sunset Park,flag football,141
2546,2018-08-15,2018,8,Brooklyn,Sunset Park,lacrosse,141
2547,2018-08-15,2018,8,Brooklyn,Sunset Park,field hockey,141
2548,2018-08-15,2018,8,Brooklyn,Sunset Park,tumbling,141
2549,2018-08-17,2018,8,Brooklyn,Sunset Park,soccer,135
2550,2018-08-17,2018,8,Brooklyn,Sunset Park,basketball,135
2551,2018-08-17,2018,8,Brooklyn,Sunset Park,frisbee,135
2552,2018-08-17,2018,8,Brooklyn,Sunset Park,softball,135
2553,2018-08-17,2018,8,Brooklyn,Sunset Park,rugby,135
2554,2018-08-17,2018,8,Brooklyn,Sunset Park,track,135
2555,2018-08-17,2018,8,Brooklyn,Sunset Park,volleyball,135
2556,2018-08-17,2018,8,Brooklyn,Sunset Park,field games,135
2557,2018-08-17,2018,8,Brooklyn,Sunset Park,flag football,135
2558,2018-08-17,2018,8,Brooklyn,Sunset Park,lacrosse,135
2559,2018-08-17,2018,8,Brooklyn,Sunset Park,field hockey,135
2560,2018-08-17,2018,8,Brooklyn,Sunset Park,tumbling,135
2561,2018-08-18,2018,8,Brooklyn,Sunset Park,soccer,72
2562,2018-08-18,2018,8,Brooklyn,Sunset Park,basketball,72
2563,2018-08-18,2018,8,Brooklyn,Sunset Park,frisbee,72
2564,2018-08-18,2018,8,Brooklyn,Sunset Park,softball,72
2565,2018-08-18,2018,8,Brooklyn,Sunset Park,rugby,72
2566,2018-08-18,2018,8,Brooklyn,Sunset Park,track,72
2567,2018-08-18,2018,8,Brooklyn,Sunset Park,volleyball,72
2568,2018-08-18,2018,8,Brooklyn,Sunset Park,field games,72
2569,2018-08-18,2018,8,Brooklyn,Sunset Park,flag football,72
2570,2018-08-18,2018,8,Brooklyn,Sunset Park,lacrosse,72
2571,2018-08-18,2018,8,Brooklyn,Sunset Park,field hockey,72
2572,2018-08-18,2018,8,Brooklyn,Sunset Park,tumbling,72
2573,2018-08-07,2018,8,Staten Island,Playground for All Children,basketball,60
2574,2018-08-07,2018,8,Staten Island,Playground for All Children,flag football,60
2575,2018-08-07,2018,8,Staten Island,Playground for All Children,bocce,60
2576,2018-08-08,2018,8,Staten Island,Playground for All Children,basketball,65
2577,2018-08-08,2018,8,Staten Island,Playground for All Children,flag football,65
2578,2018-08-08,2018,8,Staten Island,Playground for All Children,bocce,65
2579,2018-08-09,2018,8,Staten Island,Playground for All Children,basketball,35
2580,2018-08-09,2018,8,Staten Island,Playground for All Children,flag football,35
2581,2018-08-09,2018,8,Staten Island,Playground for All Children,bocce,35
2582,2018-08-10,2018,8,Staten Island,Playground for All Children,basketball,48
2583,2018-08-10,2018,8,Staten Island,Playground for All Children,flag football,48
2584,2018-08-10,2018,8,Staten Island,Playground for All Children,bocce,48
2585,2018-07-23,2018,7,Bronx,Williamsbridge Oval,soccer,19
2586,2018-07-23,2018,7,Bronx,Williamsbridge Oval,basketball,19
2587,2018-07-23,2018,7,Bronx,Williamsbridge Oval,kickball,19
2588,2018-07-23,2018,7,Bronx,Williamsbridge Oval,flag football,19
2589,2018-07-23,2018,7,Bronx,Williamsbridge Oval,pickleball,19
2590,2018-07-24,2018,7,Bronx,Williamsbridge Oval,soccer,31
2591,2018-07-24,2018,7,Bronx,Williamsbridge Oval,basketball,31
2592,2018-07-24,2018,7,Bronx,Williamsbridge Oval,kickball,31
2593,2018-07-24,2018,7,Bronx,Williamsbridge Oval,flag football,31
2594,2018-07-24,2018,7,Bronx,Williamsbridge Oval,pickleball,31
2595,2018-07-25,2018,7,Bronx,Williamsbridge Oval,soccer,27
2596,2018-07-25,2018,7,Bronx,Williamsbridge Oval,basketball,27
2597,2018-07-25,2018,7,Bronx,Williamsbridge Oval,kickball,27
2598,2018-07-25,2018,7,Bronx,Williamsbridge Oval,flag football,27
2599,2018-07-25,2018,7,Bronx,Williamsbridge Oval,pickleball,27
2600,2018-07-26,2018,7,Bronx,Williamsbridge Oval,soccer,35
2601,2018-07-26,2018,7,Bronx,Williamsbridge Oval,basketball,35
2602,2018-07-26,2018,7,Bronx,Williamsbridge Oval,kickball,35
2603,2018-07-26,2018,7,Bronx,Williamsbridge Oval,flag football,35
2604,2018-07-26,2018,7,Bronx,Williamsbridge Oval,pickleball,35
2605,2018-07-27,2018,7,Bronx,Williamsbridge Oval,soccer,55
2606,2018-07-27,2018,7,Bronx,Williamsbridge Oval,basketball,55
2607,2018-07-27,2018,7,Bronx,Williamsbridge Oval,kickball,55
2608,2018-07-27,2018,7,Bronx,Williamsbridge Oval,flag football,55
2609,2018-07-27,2018,7,Bronx,Williamsbridge Oval,pickleball,55
2610,2018-07-30,2018,7,Bronx,Williamsbridge Oval,soccer,31
2611,2018-07-30,2018,7,Bronx,Williamsbridge Oval,basketball,31
2612,2018-07-30,2018,7,Bronx,Williamsbridge Oval,kickball,31
2613,2018-07-30,2018,7,Bronx,Williamsbridge Oval,flag football,31
2614,2018-07-30,2018,7,Bronx,Williamsbridge Oval,pickleball,31
2615,2018-07-31,2018,7,Bronx,Williamsbridge Oval,soccer,42
2616,2018-07-31,2018,7,Bronx,Williamsbridge Oval,basketball,42
2617,2018-07-31,2018,7,Bronx,Williamsbridge Oval,kickball,42
2618,2018-07-31,2018,7,Bronx,Williamsbridge Oval,flag football,42
2619,2018-07-31,2018,7,Bronx,Williamsbridge Oval,pickleball,42
2620,2018-08-01,2018,8,Bronx,Williamsbridge Oval,soccer,40
2621,2018-08-01,2018,8,Bronx,Williamsbridge Oval,basketball,40
2622,2018-08-01,2018,8,Bronx,Williamsbridge Oval,kickball,40
2623,2018-08-01,2018,8,Bronx,Williamsbridge Oval,flag football,40
2624,2018-08-01,2018,8,Bronx,Williamsbridge Oval,pickleball,40
2625,2018-08-02,2018,8,Bronx,Williamsbridge Oval,soccer,36
2626,2018-08-02,2018,8,Bronx,Williamsbridge Oval,basketball,36
2627,2018-08-02,2018,8,Bronx,Williamsbridge Oval,kickball,36
2628,2018-08-02,2018,8,Bronx,Williamsbridge Oval,flag football,36
2629,2018-08-02,2018,8,Bronx,Williamsbridge Oval,pickleball,36
2630,2018-08-03,2018,8,Bronx,Williamsbridge Oval,soccer,27
2631,2018-08-03,2018,8,Bronx,Williamsbridge Oval,basketball,27
2632,2018-08-03,2018,8,Bronx,Williamsbridge Oval,kickball,27
2633,2018-08-03,2018,8,Bronx,Williamsbridge Oval,flag football,27
2634,2018-08-03,2018,8,Bronx,Williamsbridge Oval,pickleball,27
2635,2018-08-06,2018,8,Bronx,Williamsbridge Oval,soccer,25
2636,2018-08-06,2018,8,Bronx,Williamsbridge Oval,basketball,25
2637,2018-08-06,2018,8,Bronx,Williamsbridge Oval,kickball,25
2638,2018-08-06,2018,8,Bronx,Williamsbridge Oval,flag football,25
2639,2018-08-07,2018,8,Bronx,Williamsbridge Oval,soccer,41
2640,2018-08-07,2018,8,Bronx,Williamsbridge Oval,basketball,41
2641,2018-08-07,2018,8,Bronx,Williamsbridge Oval,kickball,41
2642,2018-08-07,2018,8,Bronx,Williamsbridge Oval,flag football,41
2643,2018-08-08,2018,8,Bronx,Williamsbridge Oval,soccer,33
2644,2018-08-08,2018,8,Bronx,Williamsbridge Oval,basketball,33
2645,2018-08-08,2018,8,Bronx,Williamsbridge Oval,kickball,33
2646,2018-08-08,2018,8,Bronx,Williamsbridge Oval,flag football,33
2647,2018-08-09,2018,8,Bronx,Williamsbridge Oval,soccer,24
2648,2018-08-09,2018,8,Bronx,Williamsbridge Oval,basketball,24
2649,2018-08-09,2018,8,Bronx,Williamsbridge Oval,kickball,24
2650,2018-08-09,2018,8,Bronx,Williamsbridge Oval,flag football,24
2651,2018-08-10,2018,8,Bronx,Williamsbridge Oval,soccer,37
2652,2018-08-10,2018,8,Bronx,Williamsbridge Oval,basketball,37
2653,2018-08-10,2018,8,Bronx,Williamsbridge Oval,kickball,37
2654,2018-08-10,2018,8,Bronx,Williamsbridge Oval,flag football,37
2655,2018-08-11,2018,8,Bronx,Williamsbridge Oval,soccer,5
2656,2018-08-11,2018,8,Bronx,Williamsbridge Oval,basketball,5
2657,2018-08-11,2018,8,Bronx,Williamsbridge Oval,kickball,5
2658,2018-08-11,2018,8,Bronx,Williamsbridge Oval,flag football,5
2659,2018-08-22,2018,8,Brooklyn,Sunset Park,soccer,132
2660,2018-08-22,2018,8,Brooklyn,Sunset Park,basketball,132
2661,2018-08-22,2018,8,Brooklyn,Sunset Park,frisbee,132
2662,2018-08-22,2018,8,Brooklyn,Sunset Park,softball,132
2663,2018-08-22,2018,8,Brooklyn,Sunset Park,rugby,132
2664,2018-08-22,2018,8,Brooklyn,Sunset Park,track,132
2665,2018-08-22,2018,8,Brooklyn,Sunset Park,volleyball,132
2666,2018-08-22,2018,8,Brooklyn,Sunset Park,field games,132
2667,2018-08-22,2018,8,Brooklyn,Sunset Park,flag football,132
2668,2018-08-22,2018,8,Brooklyn,Sunset Park,lacrosse,132
2669,2018-08-22,2018,8,Brooklyn,Sunset Park,field hockey,132
2670,2018-08-22,2018,8,Brooklyn,Sunset Park,tumbling,132
2671,2018-08-23,2018,8,Brooklyn,Sunset Park,soccer,138
2672,2018-08-23,2018,8,Brooklyn,Sunset Park,basketball,138
2673,2018-08-23,2018,8,Brooklyn,Sunset Park,frisbee,138
2674,2018-08-23,2018,8,Brooklyn,Sunset Park,softball,138
2675,2018-08-23,2018,8,Brooklyn,Sunset Park,rugby,138
2676,2018-08-23,2018,8,Brooklyn,Sunset Park,track,138
2677,2018-08-23,2018,8,Brooklyn,Sunset Park,volleyball,138
2678,2018-08-23,2018,8,Brooklyn,Sunset Park,field games,138
2679,2018-08-23,2018,8,Brooklyn,Sunset Park,flag football,138
2680,2018-08-23,2018,8,Brooklyn,Sunset Park,lacrosse,138
2681,2018-08-23,2018,8,Brooklyn,Sunset Park,field hockey,138
2682,2018-08-23,2018,8,Brooklyn,Sunset Park,tumbling,138
2683,2018-08-24,2018,8,Brooklyn,Sunset Park,soccer,80
2684,2018-08-24,2018,8,Brooklyn,Sunset Park,basketball,80
2685,2018-08-24,2018,8,Brooklyn,Sunset Park,frisbee,80
2686,2018-08-24,2018,8,Brooklyn,Sunset Park,softball,80
2687,2018-08-24,2018,8,Brooklyn,Sunset Park,rugby,80
2688,2018-08-24,2018,8,Brooklyn,Sunset Park,track,80
2689,2018-08-24,2018,8,Brooklyn,Sunset Park,volleyball,80
2690,2018-08-24,2018,8,Brooklyn,Sunset Park,field games,80
2691,2018-08-24,2018,8,Brooklyn,Sunset Park,flag football,80
2692,2018-08-24,2018,8,Brooklyn,Sunset Park,lacrosse,80
2693,2018-08-24,2018,8,Brooklyn,Sunset Park,field hockey,80
2694,2018-08-24,2018,8,Brooklyn,Sunset Park,tumbling,80
2695,2018-08-25,2018,8,Brooklyn,Sunset Park,soccer,162
2696,2018-08-25,2018,8,Brooklyn,Sunset Park,basketball,162
2697,2018-08-25,2018,8,Brooklyn,Sunset Park,frisbee,162
2698,2018-08-25,2018,8,Brooklyn,Sunset Park,softball,162
2699,2018-08-25,2018,8,Brooklyn,Sunset Park,rugby,162
2700,2018-08-25,2018,8,Brooklyn,Sunset Park,track,162
2701,2018-08-25,2018,8,Brooklyn,Sunset Park,volleyball,162
2702,2018-08-25,2018,8,Brooklyn,Sunset Park,field games,162
2703,2018-08-25,2018,8,Brooklyn,Sunset Park,flag football,162
2704,2018-08-25,2018,8,Brooklyn,Sunset Park,lacrosse,162
2705,2018-08-25,2018,8,Brooklyn,Sunset Park,field hockey,162
2706,2018-08-25,2018,8,Brooklyn,Sunset Park,tumbling,162
2707,2018-08-26,2018,8,Brooklyn,Sunset Park,soccer,144
2708,2018-08-26,2018,8,Brooklyn,Sunset Park,basketball,144
2709,2018-08-26,2018,8,Brooklyn,Sunset Park,frisbee,144
2710,2018-08-26,2018,8,Brooklyn,Sunset Park,softball,144
2711,2018-08-26,2018,8,Brooklyn,Sunset Park,rugby,144
2712,2018-08-26,2018,8,Brooklyn,Sunset Park,track,144
2713,2018-08-26,2018,8,Brooklyn,Sunset Park,volleyball,144
2714,2018-08-26,2018,8,Brooklyn,Sunset Park,field games,144
2715,2018-08-26,2018,8,Brooklyn,Sunset Park,flag football,144
2716,2018-08-26,2018,8,Brooklyn,Sunset Park,lacrosse,144
2717,2018-08-26,2018,8,Brooklyn,Sunset Park,field hockey,144
2718,2018-08-26,2018,8,Brooklyn,Sunset Park,tumbling,144
2719,2018-08-07,2018,8,Queens,Playground for All Children,soccer,279
2720,2018-08-07,2018,8,Queens,Playground for All Children,basketball,279
2721,2018-08-07,2018,8,Queens,Playground for All Children,handball,279
2722,2018-08-08,2018,8,Queens,Playground for All Children,soccer,114
2723,2018-08-08,2018,8,Queens,Playground for All Children,basketball,114
2724,2018-08-08,2018,8,Queens,Playground for All Children,handball,114
2725,2018-08-09,2018,8,Queens,Playground for All Children,soccer,123
2726,2018-08-09,2018,8,Queens,Playground for All Children,basketball,123
2727,2018-08-09,2018,8,Queens,Playground for All Children,handball,123
2728,2018-08-10,2018,8,Queens,Playground for All Children,soccer,106
2729,2018-08-10,2018,8,Queens,Playground for All Children,basketball,106
2730,2018-08-10,2018,8,Queens,Playground for All Children,handball,106
2731,2018-08-07,2018,8,Queens,Playground for All Children,soccer,85
2732,2018-08-07,2018,8,Queens,Playground for All Children,basketball,85
2733,2018-08-07,2018,8,Queens,Playground for All Children,baseball,85
2734,2018-08-08,2018,8,Queens,Playground for All Children,soccer,105
2735,2018-08-08,2018,8,Queens,Playground for All Children,basketball,105
2736,2018-08-08,2018,8,Queens,Playground for All Children,baseball,105
2737,2018-08-09,2018,8,Queens,Playground for All Children,soccer,220
2738,2018-08-09,2018,8,Queens,Playground for All Children,basketball,220
2739,2018-08-09,2018,8,Queens,Playground for All Children,baseball,220
2740,2018-08-07,2018,8,Queens,Playground for All Children,soccer,82
2741,2018-08-07,2018,8,Queens,Playground for All Children,basketball,82
2742,2018-08-07,2018,8,Queens,Playground for All Children,lacrosse,82
2743,2018-08-08,2018,8,Queens,Playground for All Children,soccer,105
2744,2018-08-08,2018,8,Queens,Playground for All Children,basketball,105
2745,2018-08-08,2018,8,Queens,Playground for All Children,lacrosse,105
2746,2018-08-10,2018,8,Queens,Playground for All Children,soccer,320
2747,2018-08-10,2018,8,Queens,Playground for All Children,basketball,320
2748,2018-08-10,2018,8,Queens,Playground for All Children,lacrosse,320
2749,2018-08-14,2018,8,Queens,Playground for All Children,soccer,162
2750,2018-08-14,2018,8,Queens,Playground for All Children,basketball,162
2751,2018-08-14,2018,8,Queens,Playground for All Children,baseball,162
2752,2018-08-14,2018,8,Queens,Playground for All Children,volleyball,162
2753,2018-08-14,2018,8,Queens,Playground for All Children,flag football,162
2754,2018-08-14,2018,8,Queens,Playground for All Children,lacrosse,162
2755,2018-08-16,2018,8,Queens,Playground for All Children,soccer,227
2756,2018-08-16,2018,8,Queens,Playground for All Children,basketball,227
2757,2018-08-16,2018,8,Queens,Playground for All Children,baseball,227
2758,2018-08-16,2018,8,Queens,Playground for All Children,volleyball,227
2759,2018-08-16,2018,8,Queens,Playground for All Children,flag football,227
2760,2018-08-16,2018,8,Queens,Playground for All Children,lacrosse,227
2761,2018-08-17,2018,8,Queens,Playground for All Children,soccer,201
2762,2018-08-17,2018,8,Queens,Playground for All Children,basketball,201
2763,2018-08-17,2018,8,Queens,Playground for All Children,baseball,201
2764,2018-08-17,2018,8,Queens,Playground for All Children,volleyball,201
2765,2018-08-17,2018,8,Queens,Playground for All Children,flag football,201
2766,2018-08-17,2018,8,Queens,Playground for All Children,lacrosse,201
2767,2018-08-18,2018,8,Queens,Playground for All Children,soccer,155
2768,2018-08-18,2018,8,Queens,Playground for All Children,basketball,155
2769,2018-08-18,2018,8,Queens,Playground for All Children,baseball,155
2770,2018-08-18,2018,8,Queens,Playground for All Children,volleyball,155
2771,2018-08-18,2018,8,Queens,Playground for All Children,flag football,155
2772,2018-08-18,2018,8,Queens,Playground for All Children,lacrosse,155
2773,2018-07-17,2018,7,Manhattan,Thomas Jefferson Park,street hockey,33
2774,2018-07-24,2018,7,Manhattan,Thomas Jefferson Park,track & field,27
2775,2018-07-31,2018,7,Manhattan,Thomas Jefferson Park,softball,15
2776,2018-08-07,2018,8,Manhattan,Thomas Jefferson Park,soccer,14
2777,2018-08-14,2018,8,Manhattan,Thomas Jefferson Park,soccer,4
2778,2018-08-21,2018,8,Manhattan,Thomas Jefferson Park,flag football,7
2779,2018-08-21,2018,8,Queens,Playground for All Children,soccer,209
2780,2018-08-21,2018,8,Queens,Playground for All Children,basketball,209
2781,2018-08-21,2018,8,Queens,Playground for All Children,volleyball,209
2782,2018-08-21,2018,8,Queens,Playground for All Children,lacrosse,209
2783,2018-08-22,2018,8,Queens,Playground for All Children,soccer,140
2784,2018-08-22,2018,8,Queens,Playground for All Children,basketball,140
2785,2018-08-22,2018,8,Queens,Playground for All Children,volleyball,140
2786,2018-08-22,2018,8,Queens,Playground for All Children,lacrosse,140
2787,2018-08-23,2018,8,Queens,Playground for All Children,soccer,176
2788,2018-08-23,2018,8,Queens,Playground for All Children,basketball,176
2789,2018-08-23,2018,8,Queens,Playground for All Children,volleyball,176
2790,2018-08-23,2018,8,Queens,Playground for All Children,lacrosse,176
2791,2018-08-24,2018,8,Queens,Playground for All Children,soccer,118
2792,2018-08-24,2018,8,Queens,Playground for All Children,basketball,118
2793,2018-08-24,2018,8,Queens,Playground for All Children,volleyball,118
2794,2018-08-24,2018,8,Queens,Playground for All Children,lacrosse,118
2795,2018-08-25,2018,8,Queens,Playground for All Children,soccer,273
2796,2018-08-25,2018,8,Queens,Playground for All Children,basketball,273
2797,2018-08-25,2018,8,Queens,Playground for All Children,volleyball,273
2798,2018-08-25,2018,8,Queens,Playground for All Children,lacrosse,273
2799,2018-08-28,2018,8,Brooklyn,Sunset Park,soccer,87
2800,2018-08-28,2018,8,Brooklyn,Sunset Park,basketball,87
2801,2018-08-28,2018,8,Brooklyn,Sunset Park,frisbee,87
2802,2018-08-28,2018,8,Brooklyn,Sunset Park,softball,87
2803,2018-08-28,2018,8,Brooklyn,Sunset Park,rugby,87
2804,2018-08-28,2018,8,Brooklyn,Sunset Park,track,87
2805,2018-08-28,2018,8,Brooklyn,Sunset Park,volleyball,87
2806,2018-08-28,2018,8,Brooklyn,Sunset Park,field games,87
2807,2018-08-28,2018,8,Brooklyn,Sunset Park,flag football,87
2808,2018-08-28,2018,8,Brooklyn,Sunset Park,lacrosse,87
2809,2018-08-28,2018,8,Brooklyn,Sunset Park,field hockey,87
2810,2018-08-28,2018,8,Brooklyn,Sunset Park,tumbling,87
2811,2018-08-29,2018,8,Brooklyn,Sunset Park,soccer,80
2812,2018-08-29,2018,8,Brooklyn,Sunset Park,basketball,80
2813,2018-08-29,2018,8,Brooklyn,Sunset Park,frisbee,80
2814,2018-08-29,2018,8,Brooklyn,Sunset Park,softball,80
2815,2018-08-29,2018,8,Brooklyn,Sunset Park,rugby,80
2816,2018-08-29,2018,8,Brooklyn,Sunset Park,track,80
2817,2018-08-29,2018,8,Brooklyn,Sunset Park,volleyball,80
2818,2018-08-29,2018,8,Brooklyn,Sunset Park,field games,80
2819,2018-08-29,2018,8,Brooklyn,Sunset Park,flag football,80
2820,2018-08-29,2018,8,Brooklyn,Sunset Park,lacrosse,80
2821,2018-08-29,2018,8,Brooklyn,Sunset Park,field hockey,80
2822,2018-08-29,2018,8,Brooklyn,Sunset Park,tumbling,80
2823,2018-08-30,2018,8,Brooklyn,Sunset Park,soccer,37
2824,2018-08-30,2018,8,Brooklyn,Sunset Park,basketball,37
2825,2018-08-30,2018,8,Brooklyn,Sunset Park,frisbee,37
2826,2018-08-30,2018,8,Brooklyn,Sunset Park,softball,37
2827,2018-08-30,2018,8,Brooklyn,Sunset Park,rugby,37
2828,2018-08-30,2018,8,Brooklyn,Sunset Park,track,37
2829,2018-08-30,2018,8,Brooklyn,Sunset Park,volleyball,37
2830,2018-08-30,2018,8,Brooklyn,Sunset Park,field games,37
2831,2018-08-30,2018,8,Brooklyn,Sunset Park,flag football,37
2832,2018-08-30,2018,8,Brooklyn,Sunset Park,lacrosse,37
2833,2018-08-30,2018,8,Brooklyn,Sunset Park,field hockey,37
2834,2018-08-30,2018,8,Brooklyn,Sunset Park,tumbling,37
2835,2018-08-31,2018,8,Brooklyn,Sunset Park,soccer,42
2836,2018-08-31,2018,8,Brooklyn,Sunset Park,basketball,42
2837,2018-08-31,2018,8,Brooklyn,Sunset Park,frisbee,42
2838,2018-08-31,2018,8,Brooklyn,Sunset Park,softball,42
2839,2018-08-31,2018,8,Brooklyn,Sunset Park,rugby,42
2840,2018-08-31,2018,8,Brooklyn,Sunset Park,track,42
2841,2018-08-31,2018,8,Brooklyn,Sunset Park,volleyball,42
2842,2018-08-31,2018,8,Brooklyn,Sunset Park,field games,42
2843,2018-08-31,2018,8,Brooklyn,Sunset Park,flag football,42
2844,2018-08-31,2018,8,Brooklyn,Sunset Park,lacrosse,42
2845,2018-08-31,2018,8,Brooklyn,Sunset Park,field hockey,42
2846,2018-08-31,2018,8,Brooklyn,Sunset Park,tumbling,42
2847,2018-09-01,2018,9,Brooklyn,Sunset Park,soccer,26
2848,2018-09-01,2018,9,Brooklyn,Sunset Park,basketball,26
2849,2018-09-01,2018,9,Brooklyn,Sunset Park,frisbee,26
2850,2018-09-01,2018,9,Brooklyn,Sunset Park,softball,26
2851,2018-09-01,2018,9,Brooklyn,Sunset Park,rugby,26
2852,2018-09-01,2018,9,Brooklyn,Sunset Park,track,26
2853,2018-09-01,2018,9,Brooklyn,Sunset Park,volleyball,26
2854,2018-09-01,2018,9,Brooklyn,Sunset Park,field games,26
2855,2018-09-01,2018,9,Brooklyn,Sunset Park,flag football,26
2856,2018-09-01,2018,9,Brooklyn,Sunset Park,lacrosse,26
2857,2018-09-01,2018,9,Brooklyn,Sunset Park,field hockey,26
2858,2018-09-01,2018,9,Brooklyn,Sunset Park,tumbling,26
2859,2018-09-06,2018,9,Brooklyn,Sunset Park,soccer,25
2860,2018-09-06,2018,9,Brooklyn,Sunset Park,basketball,25
2861,2018-09-06,2018,9,Brooklyn,Sunset Park,frisbee,25
2862,2018-09-06,2018,9,Brooklyn,Sunset Park,softball,25
2863,2018-09-06,2018,9,Brooklyn,Sunset Park,rugby,25
2864,2018-09-06,2018,9,Brooklyn,Sunset Park,track,25
2865,2018-09-06,2018,9,Brooklyn,Sunset Park,volleyball,25
2866,2018-09-06,2018,9,Brooklyn,Sunset Park,field games,25
2867,2018-09-06,2018,9,Brooklyn,Sunset Park,flag football,25
2868,2018-09-06,2018,9,Brooklyn,Sunset Park,lacrosse,25
2869,2018-09-06,2018,9,Brooklyn,Sunset Park,field hockey,25
2870,2018-09-06,2018,9,Brooklyn,Sunset Park,tumbling,25
2871,2018-07-31,2018,7,Staten Island,Playground for All Children,basketball,42
2872,2018-07-31,2018,7,Staten Island,Playground for All Children,flag football,42
2873,2018-07-31,2018,7,Staten Island,Playground for All Children,bocce,42
2874,2018-08-01,2018,8,Staten Island,Playground for All Children,basketball,28
2875,2018-08-01,2018,8,Staten Island,Playground for All Children,flag football,28
2876,2018-08-01,2018,8,Staten Island,Playground for All Children,bocce,28
2877,2018-08-02,2018,8,Staten Island,Playground for All Children,basketball,52
2878,2018-08-02,2018,8,Staten Island,Playground for All Children,flag football,52
2879,2018-08-02,2018,8,Staten Island,Playground for All Children,bocce,52
2880,2018-08-03,2018,8,Staten Island,Playground for All Children,basketball,25
2881,2018-08-03,2018,8,Staten Island,Playground for All Children,flag football,25
2882,2018-08-03,2018,8,Staten Island,Playground for All Children,bocce,25
2883,2018-08-04,2018,8,Staten Island,Playground for All Children,basketball,32
2884,2018-08-04,2018,8,Staten Island,Playground for All Children,flag football,32
2885,2018-08-04,2018,8,Staten Island,Playground for All Children,bocce,32
2886,2018-08-28,2018,8,Queens,Playground for All Children,soccer,104
2887,2018-08-28,2018,8,Queens,Playground for All Children,basketball,104
2888,2018-08-28,2018,8,Queens,Playground for All Children,football,104
2889,2018-08-29,2018,8,Queens,Playground for All Children,soccer,123
2890,2018-08-29,2018,8,Queens,Playground for All Children,basketball,123
2891,2018-08-29,2018,8,Queens,Playground for All Children,football,123
2892,2018-08-30,2018,8,Queens,Playground for All Children,soccer,75
2893,2018-08-30,2018,8,Queens,Playground for All Children,basketball,75
2894,2018-08-30,2018,8,Queens,Playground for All Children,football,75
2895,2018-08-31,2018,8,Queens,Playground for All Children,soccer,42
2896,2018-08-31,2018,8,Queens,Playground for All Children,basketball,42
2897,2018-08-31,2018,8,Queens,Playground for All Children,football,42
2898,2018-09-01,2018,9,Queens,Playground for All Children,soccer,202
2899,2018-09-01,2018,9,Queens,Playground for All Children,basketball,202
2900,2018-09-01,2018,9,Queens,Playground for All Children,football,202
2901,2018-07-30,2018,7,Bronx,Williamsbridge Oval,soccer,20
2902,2018-07-30,2018,7,Bronx,Williamsbridge Oval,basketball,20
2903,2018-07-30,2018,7,Bronx,Williamsbridge Oval,kickball,20
2904,2018-07-30,2018,7,Bronx,Williamsbridge Oval,flag football,20
2905,2018-07-31,2018,7,Bronx,Williamsbridge Oval,soccer,24
2906,2018-07-31,2018,7,Bronx,Williamsbridge Oval,basketball,24
2907,2018-07-31,2018,7,Bronx,Williamsbridge Oval,kickball,24
2908,2018-07-31,2018,7,Bronx,Williamsbridge Oval,flag football,24
2909,2018-08-01,2018,8,Bronx,Williamsbridge Oval,soccer,27
2910,2018-08-01,2018,8,Bronx,Williamsbridge Oval,basketball,27
2911,2018-08-01,2018,8,Bronx,Williamsbridge Oval,kickball,27
2912,2018-08-01,2018,8,Bronx,Williamsbridge Oval,flag football,27
2913,2018-08-02,2018,8,Bronx,Williamsbridge Oval,soccer,24
2914,2018-08-02,2018,8,Bronx,Williamsbridge Oval,basketball,24
2915,2018-08-02,2018,8,Bronx,Williamsbridge Oval,kickball,24
2916,2018-08-02,2018,8,Bronx,Williamsbridge Oval,flag football,24
2917,2018-08-03,2018,8,Bronx,Williamsbridge Oval,soccer,31
2918,2018-08-03,2018,8,Bronx,Williamsbridge Oval,basketball,31
2919,2018-08-03,2018,8,Bronx,Williamsbridge Oval,kickball,31
2920,2018-08-03,2018,8,Bronx,Williamsbridge Oval,flag football,31
2921,2018-08-04,2018,8,Bronx,Williamsbridge Oval,soccer,15
2922,2018-08-04,2018,8,Bronx,Williamsbridge Oval,basketball,15
2923,2018-08-04,2018,8,Bronx,Williamsbridge Oval,kickball,15
2924,2018-08-04,2018,8,Bronx,Williamsbridge Oval,flag football,15
2925,2018-08-07,2018,8,Bronx,Williamsbridge Oval,soccer,35
2926,2018-08-07,2018,8,Bronx,Williamsbridge Oval,basketball,35
2927,2018-08-07,2018,8,Bronx,Williamsbridge Oval,tennis,35
2928,2018-08-07,2018,8,Bronx,Williamsbridge Oval,track & field,35
2929,2018-08-08,2018,8,Bronx,Williamsbridge Oval,soccer,20
2930,2018-08-08,2018,8,Bronx,Williamsbridge Oval,basketball,20
2931,2018-08-08,2018,8,Bronx,Williamsbridge Oval,tennis,20
2932,2018-08-08,2018,8,Bronx,Williamsbridge Oval,track & field,20
2933,2018-08-09,2018,8,Bronx,Williamsbridge Oval,soccer,15
2934,2018-08-09,2018,8,Bronx,Williamsbridge Oval,basketball,15
2935,2018-08-09,2018,8,Bronx,Williamsbridge Oval,tennis,15
2936,2018-08-09,2018,8,Bronx,Williamsbridge Oval,track & field,15
2937,2018-08-10,2018,8,Bronx,Williamsbridge Oval,soccer,29
2938,2018-08-10,2018,8,Bronx,Williamsbridge Oval,basketball,29
2939,2018-08-10,2018,8,Bronx,Williamsbridge Oval,tennis,29
2940,2018-08-10,2018,8,Bronx,Williamsbridge Oval,track & field,29
2941,2018-08-11,2018,8,Bronx,Williamsbridge Oval,soccer,2
2942,2018-08-11,2018,8,Bronx,Williamsbridge Oval,basketball,2
2943,2018-08-11,2018,8,Bronx,Williamsbridge Oval,tennis,2
2944,2018-08-11,2018,8,Bronx,Williamsbridge Oval,track & field,2
2945,2018-08-13,2018,8,Bronx,Williamsbridge Oval,soccer,25
2946,2018-08-13,2018,8,Bronx,Williamsbridge Oval,basketball,25
2947,2018-08-13,2018,8,Bronx,Williamsbridge Oval,tennis,25
2948,2018-08-13,2018,8,Bronx,Williamsbridge Oval,pickleball,25
2949,2018-08-14,2018,8,Bronx,Williamsbridge Oval,soccer,27
2950,2018-08-14,2018,8,Bronx,Williamsbridge Oval,basketball,27
2951,2018-08-14,2018,8,Bronx,Williamsbridge Oval,tennis,27
2952,2018-08-14,2018,8,Bronx,Williamsbridge Oval,pickleball,27
2953,2018-08-15,2018,8,Bronx,Williamsbridge Oval,soccer,16
2954,2018-08-15,2018,8,Bronx,Williamsbridge Oval,basketball,16
2955,2018-08-15,2018,8,Bronx,Williamsbridge Oval,tennis,16
2956,2018-08-15,2018,8,Bronx,Williamsbridge Oval,pickleball,16
2957,2018-08-16,2018,8,Bronx,Williamsbridge Oval,soccer,12
2958,2018-08-16,2018,8,Bronx,Williamsbridge Oval,basketball,12
2959,2018-08-16,2018,8,Bronx,Williamsbridge Oval,tennis,12
2960,2018-08-16,2018,8,Bronx,Williamsbridge Oval,pickleball,12
2961,2018-08-17,2018,8,Bronx,Williamsbridge Oval,soccer,31
2962,2018-08-17,2018,8,Bronx,Williamsbridge Oval,basketball,31
2963,2018-08-17,2018,8,Bronx,Williamsbridge Oval,tennis,31
2964,2018-08-17,2018,8,Bronx,Williamsbridge Oval,pickleball,31
2965,2018-08-18,2018,8,Bronx,Williamsbridge Oval,soccer,12
2966,2018-08-18,2018,8,Bronx,Williamsbridge Oval,basketball,12
2967,2018-08-18,2018,8,Bronx,Williamsbridge Oval,tennis,12
2968,2018-08-18,2018,8,Bronx,Williamsbridge Oval,pickleball,12
2969,2018-08-20,2018,8,Bronx,Williamsbridge Oval,soccer,24
2970,2018-08-20,2018,8,Bronx,Williamsbridge Oval,basketball,24
2971,2018-08-20,2018,8,Bronx,Williamsbridge Oval,tennis,24
2972,2018-08-20,2018,8,Bronx,Williamsbridge Oval,track & field,24
2973,2018-08-20,2018,8,Bronx,Williamsbridge Oval,pickleball,24
2974,2018-08-21,2018,8,Bronx,Williamsbridge Oval,soccer,33
2975,2018-08-21,2018,8,Bronx,Williamsbridge Oval,basketball,33
2976,2018-08-21,2018,8,Bronx,Williamsbridge Oval,tennis,33
2977,2018-08-21,2018,8,Bronx,Williamsbridge Oval,track & field,33
2978,2018-08-21,2018,8,Bronx,Williamsbridge Oval,pickleball,33
2979,2018-08-22,2018,8,Bronx,Williamsbridge Oval,soccer,29
2980,2018-08-22,2018,8,Bronx,Williamsbridge Oval,basketball,29
2981,2018-08-22,2018,8,Bronx,Williamsbridge Oval,tennis,29
2982,2018-08-22,2018,8,Bronx,Williamsbridge Oval,track & field,29
2983,2018-08-22,2018,8,Bronx,Williamsbridge Oval,pickleball,29
2984,2018-08-23,2018,8,Bronx,Williamsbridge Oval,soccer,25
2985,2018-08-23,2018,8,Bronx,Williamsbridge Oval,basketball,25
2986,2018-08-23,2018,8,Bronx,Williamsbridge Oval,tennis,25
2987,2018-08-23,2018,8,Bronx,Williamsbridge Oval,track & field,25
2988,2018-08-23,2018,8,Bronx,Williamsbridge Oval,pickleball,25
2989,2018-08-24,2018,8,Bronx,Williamsbridge Oval,soccer,23
2990,2018-08-24,2018,8,Bronx,Williamsbridge Oval,basketball,23
2991,2018-08-24,2018,8,Bronx,Williamsbridge Oval,tennis,23
2992,2018-08-24,2018,8,Bronx,Williamsbridge Oval,track & field,23
2993,2018-08-24,2018,8,Bronx,Williamsbridge Oval,pickleball,23
2994,2018-08-25,2018,8,Bronx,Williamsbridge Oval,soccer,10
2995,2018-08-25,2018,8,Bronx,Williamsbridge Oval,basketball,10
2996,2018-08-25,2018,8,Bronx,Williamsbridge Oval,tennis,10
2997,2018-08-25,2018,8,Bronx,Williamsbridge Oval,track & field,10
2998,2018-08-25,2018,8,Bronx,Williamsbridge Oval,pickleball,10
2999,2018-08-27,2018,8,Bronx,Williamsbridge Oval,soccer,37
3000,2018-08-27,2018,8,Bronx,Williamsbridge Oval,tennis,37
3001,2018-08-27,2018,8,Bronx,Williamsbridge Oval,kickball,37
3002,2018-08-27,2018,8,Bronx,Williamsbridge Oval,flag football,37
3003,2018-08-28,2018,8,Bronx,Williamsbridge Oval,soccer,24
3004,2018-08-28,2018,8,Bronx,Williamsbridge Oval,tennis,24
3005,2018-08-28,2018,8,Bronx,Williamsbridge Oval,kickball,24
3006,2018-08-28,2018,8,Bronx,Williamsbridge Oval,flag football,24
3007,2018-08-29,2018,8,Bronx,Williamsbridge Oval,soccer,31
3008,2018-08-29,2018,8,Bronx,Williamsbridge Oval,tennis,31
3009,2018-08-29,2018,8,Bronx,Williamsbridge Oval,kickball,31
3010,2018-08-29,2018,8,Bronx,Williamsbridge Oval,flag football,31
3011,2018-08-30,2018,8,Bronx,Williamsbridge Oval,soccer,21
3012,2018-08-30,2018,8,Bronx,Williamsbridge Oval,tennis,21
3013,2018-08-30,2018,8,Bronx,Williamsbridge Oval,kickball,21
3014,2018-08-30,2018,8,Bronx,Williamsbridge Oval,flag football,21
3015,2018-08-31,2018,8,Bronx,Williamsbridge Oval,soccer,23
3016,2018-08-31,2018,8,Bronx,Williamsbridge Oval,tennis,23
3017,2018-08-31,2018,8,Bronx,Williamsbridge Oval,kickball,23
3018,2018-08-31,2018,8,Bronx,Williamsbridge Oval,flag football,23
3019,2018-09-01,2018,9,Bronx,Williamsbridge Oval,soccer,12
3020,2018-09-01,2018,9,Bronx,Williamsbridge Oval,tennis,12
3021,2018-09-01,2018,9,Bronx,Williamsbridge Oval,kickball,12
3022,2018-09-01,2018,9,Bronx,Williamsbridge Oval,flag football,12
3023,2018-09-03,2018,9,Bronx,Williamsbridge Oval,soccer,12
3024,2018-09-03,2018,9,Bronx,Williamsbridge Oval,basketball,12
3025,2018-09-03,2018,9,Bronx,Williamsbridge Oval,kickball,12
3026,2018-09-03,2018,9,Bronx,Williamsbridge Oval,track & field,12
3027,2018-09-04,2018,9,Bronx,Williamsbridge Oval,soccer,17
3028,2018-09-04,2018,9,Bronx,Williamsbridge Oval,basketball,17
3029,2018-09-04,2018,9,Bronx,Williamsbridge Oval,kickball,17
3030,2018-09-04,2018,9,Bronx,Williamsbridge Oval,track & field,17
3031,2018-09-05,2018,9,Bronx,Williamsbridge Oval,soccer,15
3032,2018-09-05,2018,9,Bronx,Williamsbridge Oval,basketball,15
3033,2018-09-05,2018,9,Bronx,Williamsbridge Oval,kickball,15
3034,2018-09-05,2018,9,Bronx,Williamsbridge Oval,track & field,15
3035,2018-09-06,2018,9,Bronx,Williamsbridge Oval,soccer,21
3036,2018-09-06,2018,9,Bronx,Williamsbridge Oval,basketball,21
3037,2018-09-06,2018,9,Bronx,Williamsbridge Oval,kickball,21
3038,2018-09-06,2018,9,Bronx,Williamsbridge Oval,track & field,21
3039,2018-09-07,2018,9,Bronx,Williamsbridge Oval,soccer,25
3040,2018-09-07,2018,9,Bronx,Williamsbridge Oval,basketball,25
3041,2018-09-07,2018,9,Bronx,Williamsbridge Oval,kickball,25
3042,2018-09-07,2018,9,Bronx,Williamsbridge Oval,track & field,25
3043,2018-09-08,2018,9,Bronx,Williamsbridge Oval,soccer,11
3044,2018-09-08,2018,9,Bronx,Williamsbridge Oval,basketball,11
3045,2018-09-08,2018,9,Bronx,Williamsbridge Oval,kickball,11
3046,2018-09-08,2018,9,Bronx,Williamsbridge Oval,track & field,11
3047,2018-09-11,2018,9,Queens,Playground for All Children,soccer,14
3048,2018-09-11,2018,9,Queens,Playground for All Children,basketball,14
3049,2018-09-11,2018,9,Queens,Playground for All Children,football,14
3050,2018-09-11,2018,9,Queens,Playground for All Children,baseball,14
3051,2018-09-12,2018,9,Queens,Playground for All Children,soccer,2
3052,2018-09-12,2018,9,Queens,Playground for All Children,basketball,2
3053,2018-09-12,2018,9,Queens,Playground for All Children,football,2
3054,2018-09-12,2018,9,Queens,Playground for All Children,baseball,2
3055,2018-09-13,2018,9,Queens,Playground for All Children,soccer,4
3056,2018-09-13,2018,9,Queens,Playground for All Children,basketball,4
3057,2018-09-13,2018,9,Queens,Playground for All Children,football,4
3058,2018-09-13,2018,9,Queens,Playground for All Children,baseball,4
3059,2018-09-14,2018,9,Queens,Playground for All Children,soccer,23
3060,2018-09-14,2018,9,Queens,Playground for All Children,basketball,23
3061,2018-09-14,2018,9,Queens,Playground for All Children,football,23
3062,2018-09-14,2018,9,Queens,Playground for All Children,baseball,23
3063,2018-09-15,2018,9,Queens,Playground for All Children,soccer,195
3064,2018-09-15,2018,9,Queens,Playground for All Children,basketball,195
3065,2018-09-15,2018,9,Queens,Playground for All Children,football,195
3066,2018-09-15,2018,9,Queens,Playground for All Children,baseball,195
3067,2019-09-29,2019,9,Queens,Playground for All Children,soccer,28
3068,2019-09-29,2019,9,Queens,Playground for All Children,basketball,28
3069,2019-09-29,2019,9,Queens,Playground for All Children,football,28
3070,2019-09-29,2019,9,Queens,Playground for All Children,flag football,28
3071,2019-09-30,2019,9,Queens,Playground for All Children,soccer,15
3072,2019-09-30,2019,9,Queens,Playground for All Children,basketball,15
3073,2019-09-30,2019,9,Queens,Playground for All Children,football,15
3074,2019-09-30,2019,9,Queens,Playground for All Children,flag football,15
3075,2019-10-02,2019,10,Queens,Playground for All Children,soccer,15
3076,2019-10-02,2019,10,Queens,Playground for All Children,basketball,15
3077,2019-10-02,2019,10,Queens,Playground for All Children,football,15
3078,2019-10-02,2019,10,Queens,Playground for All Children,flag football,15
3079,2019-10-04,2019,10,Queens,Playground for All Children,soccer,52
3080,2019-10-04,2019,10,Queens,Playground for All Children,basketball,52
3081,2019-10-04,2019,10,Queens,Playground for All Children,football,52
3082,2019-10-04,2019,10,Queens,Playground for All Children,flag football,52
3083,2019-10-05,2019,10,Queens,Playground for All Children,soccer,60
3084,2019-10-05,2019,10,Queens,Playground for All Children,basketball,60
3085,2019-10-05,2019,10,Queens,Playground for All Children,football,60
3086,2019-10-05,2019,10,Queens,Playground for All Children,flag football,60
3087,2019-09-22,2019,9,Queens,Playground for All Children,soccer,22
3088,2019-09-22,2019,9,Queens,Playground for All Children,basketball,22
3089,2019-09-22,2019,9,Queens,Playground for All Children,football,22
3090,2019-09-22,2019,9,Queens,Playground for All Children,volleyball,22
3091,2019-09-23,2019,9,Queens,Playground for All Children,soccer,17
3092,2019-09-23,2019,9,Queens,Playground for All Children,basketball,17
3093,2019-09-23,2019,9,Queens,Playground for All Children,football,17
3094,2019-09-23,2019,9,Queens,Playground for All Children,volleyball,17
3095,2019-09-25,2019,9,Queens,Playground for All Children,soccer,25
3096,2019-09-25,2019,9,Queens,Playground for All Children,basketball,25
3097,2019-09-25,2019,9,Queens,Playground for All Children,football,25
3098,2019-09-25,2019,9,Queens,Playground for All Children,volleyball,25
3099,2019-09-27,2019,9,Queens,Playground for All Children,soccer,35
3100,2019-09-27,2019,9,Queens,Playground for All Children,basketball,35
3101,2019-09-27,2019,9,Queens,Playground for All Children,football,35
3102,2019-09-27,2019,9,Queens,Playground for All Children,volleyball,35
3103,2019-09-28,2019,9,Queens,Playground for All Children,soccer,55
3104,2019-09-28,2019,9,Queens,Playground for All Children,basketball,55
3105,2019-09-28,2019,9,Queens,Playground for All Children,football,55
3106,2019-09-28,2019,9,Queens,Playground for All Children,volleyball,55
3107,2019-09-15,2019,9,Queens,Playground for All Children,soccer,21
3108,2019-09-15,2019,9,Queens,Playground for All Children,basketball,21
3109,2019-09-15,2019,9,Queens,Playground for All Children,football,21
3110,2019-09-16,2019,9,Queens,Playground for All Children,soccer,15
3111,2019-09-16,2019,9,Queens,Playground for All Children,basketball,15
3112,2019-09-16,2019,9,Queens,Playground for All Children,football,15
3113,2019-09-20,2019,9,Queens,Playground for All Children,soccer,37
3114,2019-09-20,2019,9,Queens,Playground for All Children,basketball,37
3115,2019-09-20,2019,9,Queens,Playground for All Children,football,37
3116,2019-09-21,2019,9,Queens,Playground for All Children,soccer,50
3117,2019-09-21,2019,9,Queens,Playground for All Children,basketball,50
3118,2019-09-21,2019,9,Queens,Playground for All Children,football,50
3119,2019-08-21,2019,8,Queens,Playground for All Children,football,40
3120,2019-08-22,2019,8,Queens,Playground for All Children,football,43
3121,2019-08-23,2019,8,Queens,Playground for All Children,football,55
3122,2019-08-24,2019,8,Queens,Playground for All Children,football,65
3123,2019-08-13,2019,8,Queens,Playground for All Children,soccer,40
3124,2019-08-14,2019,8,Queens,Playground for All Children,soccer,25
3125,2019-08-15,2019,8,Queens,Playground for All Children,soccer,21
3126,2019-08-16,2019,8,Queens,Playground for All Children,soccer,30
3127,2019-08-17,2019,8,Queens,Playground for All Children,soccer,42
3128,2019-09-09,2019,9,Bronx,Williamsbridge Oval,soccer,15
3129,2019-09-09,2019,9,Bronx,Williamsbridge Oval,basketball,15
3130,2019-09-09,2019,9,Bronx,Williamsbridge Oval,flag football,15
3131,2019-09-10,2019,9,Bronx,Williamsbridge Oval,soccer,18
3132,2019-09-10,2019,9,Bronx,Williamsbridge Oval,basketball,18
3133,2019-09-10,2019,9,Bronx,Williamsbridge Oval,flag football,18
3134,2019-09-11,2019,9,Bronx,Williamsbridge Oval,soccer,20
3135,2019-09-11,2019,9,Bronx,Williamsbridge Oval,basketball,20
3136,2019-09-11,2019,9,Bronx,Williamsbridge Oval,flag football,20
3137,2019-09-12,2019,9,Bronx,Williamsbridge Oval,soccer,12
3138,2019-09-12,2019,9,Bronx,Williamsbridge Oval,basketball,12
3139,2019-09-12,2019,9,Bronx,Williamsbridge Oval,flag football,12
3140,2019-09-13,2019,9,Bronx,Williamsbridge Oval,soccer,16
3141,2019-09-13,2019,9,Bronx,Williamsbridge Oval,basketball,16
3142,2019-09-13,2019,9,Bronx,Williamsbridge Oval,flag football,16
3143,2019-09-14,2019,9,Bronx,Williamsbridge Oval,soccer,5
3144,2019-09-14,2019,9,Bronx,Williamsbridge Oval,basketball,5
3145,2019-09-14,2019,9,Bronx,Williamsbridge Oval,flag football,5
3146,2019-09-09,2019,9,Bronx,Williamsbridge Oval,soccer,15
3147,2019-09-09,2019,9,Bronx,Williamsbridge Oval,basketball,15
3148,2019-09-09,2019,9,Bronx,Williamsbridge Oval,flag football,15
3149,2019-09-10,2019,9,Bronx,Williamsbridge Oval,soccer,18
3150,2019-09-10,2019,9,Bronx,Williamsbridge Oval,basketball,18
3151,2019-09-10,2019,9,Bronx,Williamsbridge Oval,flag football,18
3152,2019-09-11,2019,9,Bronx,Williamsbridge Oval,soccer,20
3153,2019-09-11,2019,9,Bronx,Williamsbridge Oval,basketball,20
3154,2019-09-11,2019,9,Bronx,Williamsbridge Oval,flag football,20
3155,2019-09-12,2019,9,Bronx,Williamsbridge Oval,soccer,12
3156,2019-09-12,2019,9,Bronx,Williamsbridge Oval,basketball,12
3157,2019-09-12,2019,9,Bronx,Williamsbridge Oval,flag football,12
3158,2019-09-13,2019,9,Bronx,Williamsbridge Oval,soccer,16
3159,2019-09-13,2019,9,Bronx,Williamsbridge Oval,basketball,16
3160,2019-09-13,2019,9,Bronx,Williamsbridge Oval,flag football,16
3161,2019-09-14,2019,9,Bronx,Williamsbridge Oval,soccer,5
3162,2019-09-14,2019,9,Bronx,Williamsbridge Oval,basketball,5
3163,2019-09-14,2019,9,Bronx,Williamsbridge Oval,flag football,5
3164,2019-09-02,2019,9,Bronx,Williamsbridge Oval,soccer,19
3165,2019-09-02,2019,9,Bronx,Williamsbridge Oval,basketball,19
3166,2019-09-02,2019,9,Bronx,Williamsbridge Oval,flag football,19
3167,2019-09-03,2019,9,Bronx,Williamsbridge Oval,soccer,22
3168,2019-09-03,2019,9,Bronx,Williamsbridge Oval,basketball,22
3169,2019-09-03,2019,9,Bronx,Williamsbridge Oval,flag football,22
3170,2019-09-04,2019,9,Bronx,Williamsbridge Oval,soccer,26
3171,2019-09-04,2019,9,Bronx,Williamsbridge Oval,basketball,26
3172,2019-09-04,2019,9,Bronx,Williamsbridge Oval,flag football,26
3173,2019-09-05,2019,9,Bronx,Williamsbridge Oval,soccer,31
3174,2019-09-05,2019,9,Bronx,Williamsbridge Oval,basketball,31
3175,2019-09-05,2019,9,Bronx,Williamsbridge Oval,flag football,31
3176,2019-09-06,2019,9,Bronx,Williamsbridge Oval,soccer,28
3177,2019-09-06,2019,9,Bronx,Williamsbridge Oval,basketball,28
3178,2019-09-06,2019,9,Bronx,Williamsbridge Oval,flag football,28
3179,2019-09-07,2019,9,Bronx,Williamsbridge Oval,soccer,5
3180,2019-09-07,2019,9,Bronx,Williamsbridge Oval,basketball,5
3181,2019-09-07,2019,9,Bronx,Williamsbridge Oval,flag football,5
3182,2019-08-26,2019,8,Bronx,Williamsbridge Oval,soccer,22
3183,2019-08-26,2019,8,Bronx,Williamsbridge Oval,basketball,22
3184,2019-08-26,2019,8,Bronx,Williamsbridge Oval,group games,22
3185,2019-08-26,2019,8,Bronx,Williamsbridge Oval,flag football,22
3186,2019-08-27,2019,8,Bronx,Williamsbridge Oval,soccer,26
3187,2019-08-27,2019,8,Bronx,Williamsbridge Oval,basketball,26
3188,2019-08-27,2019,8,Bronx,Williamsbridge Oval,group games,26
3189,2019-08-27,2019,8,Bronx,Williamsbridge Oval,flag football,26
3190,2019-08-28,2019,8,Bronx,Williamsbridge Oval,soccer,20
3191,2019-08-28,2019,8,Bronx,Williamsbridge Oval,basketball,20
3192,2019-08-28,2019,8,Bronx,Williamsbridge Oval,group games,20
3193,2019-08-28,2019,8,Bronx,Williamsbridge Oval,flag football,20
3194,2019-08-29,2019,8,Bronx,Williamsbridge Oval,soccer,16
3195,2019-08-29,2019,8,Bronx,Williamsbridge Oval,basketball,16
3196,2019-08-29,2019,8,Bronx,Williamsbridge Oval,group games,16
3197,2019-08-29,2019,8,Bronx,Williamsbridge Oval,flag football,16
3198,2019-08-30,2019,8,Bronx,Williamsbridge Oval,soccer,12
3199,2019-08-30,2019,8,Bronx,Williamsbridge Oval,basketball,12
3200,2019-08-30,2019,8,Bronx,Williamsbridge Oval,group games,12
3201,2019-08-30,2019,8,Bronx,Williamsbridge Oval,flag football,12
3202,2019-08-31,2019,8,Bronx,Williamsbridge Oval,soccer,25
3203,2019-08-31,2019,8,Bronx,Williamsbridge Oval,basketball,25
3204,2019-08-31,2019,8,Bronx,Williamsbridge Oval,group games,25
3205,2019-08-31,2019,8,Bronx,Williamsbridge Oval,flag football,25
3206,2019-08-19,2019,8,Bronx,Williamsbridge Oval,soccer,5
3207,2019-08-19,2019,8,Bronx,Williamsbridge Oval,basketball,5
3208,2019-08-19,2019,8,Bronx,Williamsbridge Oval,group games,5
3209,2019-08-19,2019,8,Bronx,Williamsbridge Oval,volleyball,5
3210,2019-08-19,2019,8,Bronx,Williamsbridge Oval,flag football,5
3211,2019-08-20,2019,8,Bronx,Williamsbridge Oval,soccer,10
3212,2019-08-20,2019,8,Bronx,Williamsbridge Oval,basketball,10
3213,2019-08-20,2019,8,Bronx,Williamsbridge Oval,group games,10
3214,2019-08-20,2019,8,Bronx,Williamsbridge Oval,volleyball,10
3215,2019-08-20,2019,8,Bronx,Williamsbridge Oval,flag football,10
3216,2019-08-21,2019,8,Bronx,Williamsbridge Oval,soccer,12
3217,2019-08-21,2019,8,Bronx,Williamsbridge Oval,basketball,12
3218,2019-08-21,2019,8,Bronx,Williamsbridge Oval,group games,12
3219,2019-08-21,2019,8,Bronx,Williamsbridge Oval,volleyball,12
3220,2019-08-21,2019,8,Bronx,Williamsbridge Oval,flag football,12
3221,2019-08-22,2019,8,Bronx,Williamsbridge Oval,soccer,15
3222,2019-08-22,2019,8,Bronx,Williamsbridge Oval,basketball,15
3223,2019-08-22,2019,8,Bronx,Williamsbridge Oval,group games,15
3224,2019-08-22,2019,8,Bronx,Williamsbridge Oval,volleyball,15
3225,2019-08-22,2019,8,Bronx,Williamsbridge Oval,flag football,15
3226,2019-08-23,2019,8,Bronx,Williamsbridge Oval,soccer,25
3227,2019-08-23,2019,8,Bronx,Williamsbridge Oval,basketball,25
3228,2019-08-23,2019,8,Bronx,Williamsbridge Oval,group games,25
3229,2019-08-23,2019,8,Bronx,Williamsbridge Oval,volleyball,25
3230,2019-08-23,2019,8,Bronx,Williamsbridge Oval,flag football,25
3231,2019-08-24,2019,8,Bronx,Williamsbridge Oval,soccer,16
3232,2019-08-24,2019,8,Bronx,Williamsbridge Oval,basketball,16
3233,2019-08-24,2019,8,Bronx,Williamsbridge Oval,group games,16
3234,2019-08-24,2019,8,Bronx,Williamsbridge Oval,volleyball,16
3235,2019-08-24,2019,8,Bronx,Williamsbridge Oval,flag football,16
3236,2019-09-08,2019,9,Queens,Playground for All Children,basketball,11
3237,2019-09-09,2019,9,Queens,Playground for All Children,basketball,15
3238,2019-09-14,2019,9,Queens,Playground for All Children,basketball,40
3239,2019-08-12,2019,8,Bronx,Williamsbridge Oval,soccer,9
3240,2019-08-12,2019,8,Bronx,Williamsbridge Oval,basketball,9
3241,2019-08-12,2019,8,Bronx,Williamsbridge Oval,volleyball,9
3242,2019-08-12,2019,8,Bronx,Williamsbridge Oval,water games,9
3243,2019-08-14,2019,8,Bronx,Williamsbridge Oval,soccer,798
3244,2019-08-14,2019,8,Bronx,Williamsbridge Oval,basketball,798
3245,2019-08-14,2019,8,Bronx,Williamsbridge Oval,volleyball,798
3246,2019-08-14,2019,8,Bronx,Williamsbridge Oval,water games,798
3247,2019-08-15,2019,8,Bronx,Williamsbridge Oval,soccer,29
3248,2019-08-15,2019,8,Bronx,Williamsbridge Oval,basketball,29
3249,2019-08-15,2019,8,Bronx,Williamsbridge Oval,volleyball,29
3250,2019-08-15,2019,8,Bronx,Williamsbridge Oval,water games,29
3251,2019-08-05,2019,8,Bronx,Williamsbridge Oval,soccer,38
3252,2019-08-05,2019,8,Bronx,Williamsbridge Oval,basketball,38
3253,2019-08-05,2019,8,Bronx,Williamsbridge Oval,volleyball,38
3254,2019-08-05,2019,8,Bronx,Williamsbridge Oval,flag football,38
3255,2019-08-05,2019,8,Bronx,Williamsbridge Oval,arts and crafts,38
3256,2019-08-05,2019,8,Bronx,Williamsbridge Oval,water games,38
3257,2019-08-06,2019,8,Bronx,Williamsbridge Oval,soccer,24
3258,2019-08-06,2019,8,Bronx,Williamsbridge Oval,basketball,24
3259,2019-08-06,2019,8,Bronx,Williamsbridge Oval,volleyball,24
3260,2019-08-06,2019,8,Bronx,Williamsbridge Oval,flag football,24
3261,2019-08-06,2019,8,Bronx,Williamsbridge Oval,arts and crafts,24
3262,2019-08-06,2019,8,Bronx,Williamsbridge Oval,water games,24
3263,2019-08-07,2019,8,Bronx,Williamsbridge Oval,soccer,33
3264,2019-08-07,2019,8,Bronx,Williamsbridge Oval,basketball,33
3265,2019-08-07,2019,8,Bronx,Williamsbridge Oval,volleyball,33
3266,2019-08-07,2019,8,Bronx,Williamsbridge Oval,flag football,33
3267,2019-08-07,2019,8,Bronx,Williamsbridge Oval,arts and crafts,33
3268,2019-08-07,2019,8,Bronx,Williamsbridge Oval,water games,33
3269,2019-07-30,2019,7,Bronx,Williamsbridge Oval,soccer,3
3270,2019-07-30,2019,7,Bronx,Williamsbridge Oval,basketball,3
3271,2019-07-31,2019,7,Bronx,Williamsbridge Oval,soccer,17
3272,2019-07-31,2019,7,Bronx,Williamsbridge Oval,basketball,17
3273,2019-08-01,2019,8,Bronx,Williamsbridge Oval,soccer,40
3274,2019-08-01,2019,8,Bronx,Williamsbridge Oval,basketball,40
3275,2019-07-22,2019,7,Bronx,Williamsbridge Oval,soccer,17
3276,2019-07-22,2019,7,Bronx,Williamsbridge Oval,basketball,17
3277,2019-07-22,2019,7,Bronx,Williamsbridge Oval,dodgeball,17
3278,2019-07-22,2019,7,Bronx,Williamsbridge Oval,bingo,17
3279,2019-07-23,2019,7,Bronx,Williamsbridge Oval,soccer,25
3280,2019-07-23,2019,7,Bronx,Williamsbridge Oval,basketball,25
3281,2019-07-23,2019,7,Bronx,Williamsbridge Oval,dodgeball,25
3282,2019-07-23,2019,7,Bronx,Williamsbridge Oval,bingo,25
3283,2019-07-24,2019,7,Bronx,Williamsbridge Oval,soccer,32
3284,2019-07-24,2019,7,Bronx,Williamsbridge Oval,basketball,32
3285,2019-07-24,2019,7,Bronx,Williamsbridge Oval,dodgeball,32
3286,2019-07-24,2019,7,Bronx,Williamsbridge Oval,bingo,32
3287,2019-07-25,2019,7,Bronx,Williamsbridge Oval,soccer,16
3288,2019-07-25,2019,7,Bronx,Williamsbridge Oval,basketball,16
3289,2019-07-25,2019,7,Bronx,Williamsbridge Oval,dodgeball,16
3290,2019-07-25,2019,7,Bronx,Williamsbridge Oval,bingo,16
3291,2019-08-22,2019,8,Staten Island,CPL. Thompson Park,soccer,45
3292,2019-08-22,2019,8,Staten Island,CPL. Thompson Park,basketball,45
3293,2019-08-22,2019,8,Staten Island,CPL. Thompson Park,flag football,45
3294,2019-08-23,2019,8,Staten Island,CPL. Thompson Park,soccer,50
3295,2019-08-23,2019,8,Staten Island,CPL. Thompson Park,basketball,50
3296,2019-08-23,2019,8,Staten Island,CPL. Thompson Park,flag football,50
3297,2019-08-24,2019,8,Staten Island,CPL. Thompson Park,soccer,36
3298,2019-08-24,2019,8,Staten Island,CPL. Thompson Park,basketball,36
3299,2019-08-24,2019,8,Staten Island,CPL. Thompson Park,flag football,36
3300,2019-08-25,2019,8,Staten Island,CPL. Thompson Park,soccer,42
3301,2019-08-25,2019,8,Staten Island,CPL. Thompson Park,basketball,42
3302,2019-08-25,2019,8,Staten Island,CPL. Thompson Park,flag football,42
3303,2019-08-26,2019,8,Staten Island,CPL. Thompson Park,soccer,15
3304,2019-08-26,2019,8,Staten Island,CPL. Thompson Park,basketball,15
3305,2019-08-26,2019,8,Staten Island,CPL. Thompson Park,flag football,15
3306,2019-09-07,2019,9,Queens,Playground for All Children,football,60
3307,2019-08-15,2019,8,Staten Island,CPL. Thompson Park,basketball,45
3308,2019-08-15,2019,8,Staten Island,CPL. Thompson Park,flag football,45
3309,2019-08-15,2019,8,Staten Island,CPL. Thompson Park,t-ball,45
3310,2019-08-16,2019,8,Staten Island,CPL. Thompson Park,basketball,1050
3311,2019-08-16,2019,8,Staten Island,CPL. Thompson Park,flag football,1050
3312,2019-08-16,2019,8,Staten Island,CPL. Thompson Park,t-ball,1050
3313,2019-08-17,2019,8,Staten Island,CPL. Thompson Park,basketball,40
3314,2019-08-17,2019,8,Staten Island,CPL. Thompson Park,flag football,40
3315,2019-08-17,2019,8,Staten Island,CPL. Thompson Park,t-ball,40
3316,2019-08-18,2019,8,Staten Island,CPL. Thompson Park,basketball,50
3317,2019-08-18,2019,8,Staten Island,CPL. Thompson Park,flag football,50
3318,2019-08-18,2019,8,Staten Island,CPL. Thompson Park,t-ball,50
3319,2019-08-19,2019,8,Staten Island,CPL. Thompson Park,basketball,15
3320,2019-08-19,2019,8,Staten Island,CPL. Thompson Park,flag football,15
3321,2019-08-19,2019,8,Staten Island,CPL. Thompson Park,t-ball,15
3322,2019-08-13,2019,8,Brooklyn,Sunset Park,soccer,10
3323,2019-08-13,2019,8,Brooklyn,Sunset Park,basketball,10
3324,2019-08-13,2019,8,Brooklyn,Sunset Park,field games,10
3325,2019-08-13,2019,8,Brooklyn,Sunset Park,flag football,10
3326,2019-08-13,2019,8,Brooklyn,Sunset Park,badminton,10
3327,2019-08-14,2019,8,Brooklyn,Sunset Park,soccer,8
3328,2019-08-14,2019,8,Brooklyn,Sunset Park,basketball,8
3329,2019-08-14,2019,8,Brooklyn,Sunset Park,field games,8
3330,2019-08-14,2019,8,Brooklyn,Sunset Park,flag football,8
3331,2019-08-14,2019,8,Brooklyn,Sunset Park,badminton,8
3332,2019-08-15,2019,8,Brooklyn,Sunset Park,soccer,9
3333,2019-08-15,2019,8,Brooklyn,Sunset Park,basketball,9
3334,2019-08-15,2019,8,Brooklyn,Sunset Park,field games,9
3335,2019-08-15,2019,8,Brooklyn,Sunset Park,flag football,9
3336,2019-08-15,2019,8,Brooklyn,Sunset Park,badminton,9
3337,2019-08-16,2019,8,Brooklyn,Sunset Park,soccer,8
3338,2019-08-16,2019,8,Brooklyn,Sunset Park,basketball,8
3339,2019-08-16,2019,8,Brooklyn,Sunset Park,field games,8
3340,2019-08-16,2019,8,Brooklyn,Sunset Park,flag football,8
3341,2019-08-16,2019,8,Brooklyn,Sunset Park,badminton,8
3342,2019-08-17,2019,8,Brooklyn,Sunset Park,soccer,6
3343,2019-08-17,2019,8,Brooklyn,Sunset Park,basketball,6
3344,2019-08-17,2019,8,Brooklyn,Sunset Park,field games,6
3345,2019-08-17,2019,8,Brooklyn,Sunset Park,flag football,6
3346,2019-08-17,2019,8,Brooklyn,Sunset Park,badminton,6
3347,2019-08-06,2019,8,Brooklyn,Sunset Park,volleyball,16
3348,2019-08-06,2019,8,Brooklyn,Sunset Park,pickleball,16
3349,2019-08-06,2019,8,Brooklyn,Sunset Park,badminton,16
3350,2019-08-06,2019,8,Brooklyn,Sunset Park,t-ball,16
3351,2019-08-06,2019,8,Brooklyn,Sunset Park,cornhole,16
3352,2019-08-07,2019,8,Brooklyn,Sunset Park,volleyball,12
3353,2019-08-07,2019,8,Brooklyn,Sunset Park,pickleball,12
3354,2019-08-07,2019,8,Brooklyn,Sunset Park,badminton,12
3355,2019-08-07,2019,8,Brooklyn,Sunset Park,t-ball,12
3356,2019-08-07,2019,8,Brooklyn,Sunset Park,cornhole,12
3357,2019-08-08,2019,8,Brooklyn,Sunset Park,volleyball,15
3358,2019-08-08,2019,8,Brooklyn,Sunset Park,pickleball,15
3359,2019-08-08,2019,8,Brooklyn,Sunset Park,badminton,15
3360,2019-08-08,2019,8,Brooklyn,Sunset Park,t-ball,15
3361,2019-08-08,2019,8,Brooklyn,Sunset Park,cornhole,15
3362,2019-08-09,2019,8,Brooklyn,Sunset Park,volleyball,10
3363,2019-08-09,2019,8,Brooklyn,Sunset Park,pickleball,10
3364,2019-08-09,2019,8,Brooklyn,Sunset Park,badminton,10
3365,2019-08-09,2019,8,Brooklyn,Sunset Park,t-ball,10
3366,2019-08-09,2019,8,Brooklyn,Sunset Park,cornhole,10
3367,2019-08-10,2019,8,Brooklyn,Sunset Park,volleyball,11
3368,2019-08-10,2019,8,Brooklyn,Sunset Park,pickleball,11
3369,2019-08-10,2019,8,Brooklyn,Sunset Park,badminton,11
3370,2019-08-10,2019,8,Brooklyn,Sunset Park,t-ball,11
3371,2019-08-10,2019,8,Brooklyn,Sunset Park,cornhole,11
3372,2019-08-07,2019,8,Queens,Playground for All Children,track & field,13
3373,2019-08-09,2019,8,Queens,Playground for All Children,track & field,50
3374,2019-08-10,2019,8,Queens,Playground for All Children,track & field,30
3375,2019-07-30,2019,7,Queens,Playground for All Children,basketball,37
3376,2019-07-31,2019,7,Queens,Playground for All Children,basketball,40
3377,2019-08-01,2019,8,Queens,Playground for All Children,basketball,38
3378,2019-08-02,2019,8,Queens,Playground for All Children,basketball,55
3379,2019-08-03,2019,8,Queens,Playground for All Children,basketball,32
3380,2019-08-08,2019,8,Staten Island,CPL. Thompson Park,basketball,20
3381,2019-08-08,2019,8,Staten Island,CPL. Thompson Park,flag football,20
3382,2019-08-09,2019,8,Staten Island,CPL. Thompson Park,basketball,25
3383,2019-08-09,2019,8,Staten Island,CPL. Thompson Park,flag football,25
3384,2019-08-10,2019,8,Staten Island,CPL. Thompson Park,basketball,15
3385,2019-08-10,2019,8,Staten Island,CPL. Thompson Park,flag football,15
3386,2019-08-11,2019,8,Staten Island,CPL. Thompson Park,basketball,30
3387,2019-08-11,2019,8,Staten Island,CPL. Thompson Park,flag football,30
3388,2019-08-12,2019,8,Staten Island,CPL. Thompson Park,basketball,8
3389,2019-08-12,2019,8,Staten Island,CPL. Thompson Park,flag football,8
3390,2019-08-01,2019,8,Staten Island,CPL. Thompson Park,soccer,25
3391,2019-08-01,2019,8,Staten Island,CPL. Thompson Park,basketball,25
3392,2019-08-01,2019,8,Staten Island,CPL. Thompson Park,flag football,25
3393,2019-08-02,2019,8,Staten Island,CPL. Thompson Park,soccer,15
3394,2019-08-02,2019,8,Staten Island,CPL. Thompson Park,basketball,15
3395,2019-08-02,2019,8,Staten Island,CPL. Thompson Park,flag football,15
3396,2019-08-03,2019,8,Staten Island,CPL. Thompson Park,soccer,40
3397,2019-08-03,2019,8,Staten Island,CPL. Thompson Park,basketball,40
3398,2019-08-03,2019,8,Staten Island,CPL. Thompson Park,flag football,40
3399,2019-08-04,2019,8,Staten Island,CPL. Thompson Park,soccer,30
3400,2019-08-04,2019,8,Staten Island,CPL. Thompson Park,basketball,30
3401,2019-08-04,2019,8,Staten Island,CPL. Thompson Park,flag football,30
3402,2019-08-05,2019,8,Staten Island,CPL. Thompson Park,soccer,10
3403,2019-08-05,2019,8,Staten Island,CPL. Thompson Park,basketball,10
3404,2019-08-05,2019,8,Staten Island,CPL. Thompson Park,flag football,10
3405,2019-07-30,2019,7,Brooklyn,Sunset Park,soccer,22
3406,2019-07-30,2019,7,Brooklyn,Sunset Park,basketball,22
3407,2019-07-30,2019,7,Brooklyn,Sunset Park,volleyball,22
3408,2019-07-30,2019,7,Brooklyn,Sunset Park,bowling,22
3409,2019-07-30,2019,7,Brooklyn,Sunset Park,track & field,22
3410,2019-07-30,2019,7,Brooklyn,Sunset Park,t-ball,22
3411,2019-07-31,2019,7,Brooklyn,Sunset Park,soccer,15
3412,2019-07-31,2019,7,Brooklyn,Sunset Park,basketball,15
3413,2019-07-31,2019,7,Brooklyn,Sunset Park,volleyball,15
3414,2019-07-31,2019,7,Brooklyn,Sunset Park,bowling,15
3415,2019-07-31,2019,7,Brooklyn,Sunset Park,track & field,15
3416,2019-07-31,2019,7,Brooklyn,Sunset Park,t-ball,15
3417,2019-08-01,2019,8,Brooklyn,Sunset Park,soccer,18
3418,2019-08-01,2019,8,Brooklyn,Sunset Park,basketball,18
3419,2019-08-01,2019,8,Brooklyn,Sunset Park,volleyball,18
3420,2019-08-01,2019,8,Brooklyn,Sunset Park,bowling,18
3421,2019-08-01,2019,8,Brooklyn,Sunset Park,track & field,18
3422,2019-08-01,2019,8,Brooklyn,Sunset Park,t-ball,18
3423,2019-08-02,2019,8,Brooklyn,Sunset Park,soccer,19
3424,2019-08-02,2019,8,Brooklyn,Sunset Park,basketball,19
3425,2019-08-02,2019,8,Brooklyn,Sunset Park,volleyball,19
3426,2019-08-02,2019,8,Brooklyn,Sunset Park,bowling,19
3427,2019-08-02,2019,8,Brooklyn,Sunset Park,track & field,19
3428,2019-08-02,2019,8,Brooklyn,Sunset Park,t-ball,19
3429,2019-08-03,2019,8,Brooklyn,Sunset Park,soccer,14
3430,2019-08-03,2019,8,Brooklyn,Sunset Park,basketball,14
3431,2019-08-03,2019,8,Brooklyn,Sunset Park,volleyball,14
3432,2019-08-03,2019,8,Brooklyn,Sunset Park,bowling,14
3433,2019-08-03,2019,8,Brooklyn,Sunset Park,track & field,14
3434,2019-08-03,2019,8,Brooklyn,Sunset Park,t-ball,14
3435,2019-07-23,2019,7,Brooklyn,Sunset Park,soccer,19
3436,2019-07-23,2019,7,Brooklyn,Sunset Park,basketball,19
3437,2019-07-23,2019,7,Brooklyn,Sunset Park,volleyball,19
3438,2019-07-23,2019,7,Brooklyn,Sunset Park,flag football,19
3439,2019-07-23,2019,7,Brooklyn,Sunset Park,bowling,19
3440,2019-07-23,2019,7,Brooklyn,Sunset Park,track & field,19
3441,2019-07-23,2019,7,Brooklyn,Sunset Park,badminton,19
3442,2019-07-24,2019,7,Brooklyn,Sunset Park,soccer,21
3443,2019-07-24,2019,7,Brooklyn,Sunset Park,basketball,21
3444,2019-07-24,2019,7,Brooklyn,Sunset Park,volleyball,21
3445,2019-07-24,2019,7,Brooklyn,Sunset Park,flag football,21
3446,2019-07-24,2019,7,Brooklyn,Sunset Park,bowling,21
3447,2019-07-24,2019,7,Brooklyn,Sunset Park,track & field,21
3448,2019-07-24,2019,7,Brooklyn,Sunset Park,badminton,21
3449,2019-07-25,2019,7,Brooklyn,Sunset Park,soccer,13
3450,2019-07-25,2019,7,Brooklyn,Sunset Park,basketball,13
3451,2019-07-25,2019,7,Brooklyn,Sunset Park,volleyball,13
3452,2019-07-25,2019,7,Brooklyn,Sunset Park,flag football,13
3453,2019-07-25,2019,7,Brooklyn,Sunset Park,bowling,13
3454,2019-07-25,2019,7,Brooklyn,Sunset Park,track & field,13
3455,2019-07-25,2019,7,Brooklyn,Sunset Park,badminton,13
3456,2019-07-26,2019,7,Brooklyn,Sunset Park,soccer,10
3457,2019-07-26,2019,7,Brooklyn,Sunset Park,basketball,10
3458,2019-07-26,2019,7,Brooklyn,Sunset Park,volleyball,10
3459,2019-07-26,2019,7,Brooklyn,Sunset Park,flag football,10
3460,2019-07-26,2019,7,Brooklyn,Sunset Park,bowling,10
3461,2019-07-26,2019,7,Brooklyn,Sunset Park,track & field,10
3462,2019-07-26,2019,7,Brooklyn,Sunset Park,badminton,10
3463,2019-07-27,2019,7,Brooklyn,Sunset Park,soccer,17
3464,2019-07-27,2019,7,Brooklyn,Sunset Park,basketball,17
3465,2019-07-27,2019,7,Brooklyn,Sunset Park,volleyball,17
3466,2019-07-27,2019,7,Brooklyn,Sunset Park,flag football,17
3467,2019-07-27,2019,7,Brooklyn,Sunset Park,bowling,17
3468,2019-07-27,2019,7,Brooklyn,Sunset Park,track & field,17
3469,2019-07-27,2019,7,Brooklyn,Sunset Park,badminton,17
3470,2019-07-16,2019,7,Brooklyn,Sunset Park,soccer,14
3471,2019-07-16,2019,7,Brooklyn,Sunset Park,basketball,14
3472,2019-07-16,2019,7,Brooklyn,Sunset Park,frisbee,14
3473,2019-07-16,2019,7,Brooklyn,Sunset Park,volleyball,14
3474,2019-07-16,2019,7,Brooklyn,Sunset Park,badminton,14
3475,2019-07-16,2019,7,Brooklyn,Sunset Park,structured play,14
3476,2019-07-17,2019,7,Brooklyn,Sunset Park,soccer,16
3477,2019-07-17,2019,7,Brooklyn,Sunset Park,basketball,16
3478,2019-07-17,2019,7,Brooklyn,Sunset Park,frisbee,16
3479,2019-07-17,2019,7,Brooklyn,Sunset Park,volleyball,16
3480,2019-07-17,2019,7,Brooklyn,Sunset Park,badminton,16
3481,2019-07-17,2019,7,Brooklyn,Sunset Park,structured play,16
3482,2019-07-18,2019,7,Brooklyn,Sunset Park,soccer,8
3483,2019-07-18,2019,7,Brooklyn,Sunset Park,basketball,8
3484,2019-07-18,2019,7,Brooklyn,Sunset Park,frisbee,8
3485,2019-07-18,2019,7,Brooklyn,Sunset Park,volleyball,8
3486,2019-07-18,2019,7,Brooklyn,Sunset Park,badminton,8
3487,2019-07-18,2019,7,Brooklyn,Sunset Park,structured play,8
3488,2019-07-19,2019,7,Brooklyn,Sunset Park,soccer,10
3489,2019-07-19,2019,7,Brooklyn,Sunset Park,basketball,10
3490,2019-07-19,2019,7,Brooklyn,Sunset Park,frisbee,10
3491,2019-07-19,2019,7,Brooklyn,Sunset Park,volleyball,10
3492,2019-07-19,2019,7,Brooklyn,Sunset Park,badminton,10
3493,2019-07-19,2019,7,Brooklyn,Sunset Park,structured play,10
3494,2019-07-20,2019,7,Brooklyn,Sunset Park,soccer,18
3495,2019-07-20,2019,7,Brooklyn,Sunset Park,basketball,18
3496,2019-07-20,2019,7,Brooklyn,Sunset Park,frisbee,18
3497,2019-07-20,2019,7,Brooklyn,Sunset Park,volleyball,18
3498,2019-07-20,2019,7,Brooklyn,Sunset Park,badminton,18
3499,2019-07-20,2019,7,Brooklyn,Sunset Park,structured play,18
3500,2019-07-09,2019,7,Brooklyn,Sunset Park,soccer,22
3501,2019-07-09,2019,7,Brooklyn,Sunset Park,basketball,22
3502,2019-07-09,2019,7,Brooklyn,Sunset Park,kickball,22
3503,2019-07-09,2019,7,Brooklyn,Sunset Park,volleyball,22
3504,2019-07-09,2019,7,Brooklyn,Sunset Park,flag football,22
3505,2019-07-09,2019,7,Brooklyn,Sunset Park,bowling,22
3506,2019-07-09,2019,7,Brooklyn,Sunset Park,badminton,22
3507,2019-07-10,2019,7,Brooklyn,Sunset Park,soccer,19
3508,2019-07-10,2019,7,Brooklyn,Sunset Park,basketball,19
3509,2019-07-10,2019,7,Brooklyn,Sunset Park,kickball,19
3510,2019-07-10,2019,7,Brooklyn,Sunset Park,volleyball,19
3511,2019-07-10,2019,7,Brooklyn,Sunset Park,flag football,19
3512,2019-07-10,2019,7,Brooklyn,Sunset Park,bowling,19
3513,2019-07-10,2019,7,Brooklyn,Sunset Park,badminton,19
3514,2019-07-11,2019,7,Brooklyn,Sunset Park,soccer,15
3515,2019-07-11,2019,7,Brooklyn,Sunset Park,basketball,15
3516,2019-07-11,2019,7,Brooklyn,Sunset Park,kickball,15
3517,2019-07-11,2019,7,Brooklyn,Sunset Park,volleyball,15
3518,2019-07-11,2019,7,Brooklyn,Sunset Park,flag football,15
3519,2019-07-11,2019,7,Brooklyn,Sunset Park,bowling,15
3520,2019-07-11,2019,7,Brooklyn,Sunset Park,badminton,15
3521,2019-07-12,2019,7,Brooklyn,Sunset Park,soccer,18
3522,2019-07-12,2019,7,Brooklyn,Sunset Park,basketball,18
3523,2019-07-12,2019,7,Brooklyn,Sunset Park,kickball,18
3524,2019-07-12,2019,7,Brooklyn,Sunset Park,volleyball,18
3525,2019-07-12,2019,7,Brooklyn,Sunset Park,flag football,18
3526,2019-07-12,2019,7,Brooklyn,Sunset Park,bowling,18
3527,2019-07-12,2019,7,Brooklyn,Sunset Park,badminton,18
3528,2019-07-13,2019,7,Brooklyn,Sunset Park,soccer,10
3529,2019-07-13,2019,7,Brooklyn,Sunset Park,basketball,10
3530,2019-07-13,2019,7,Brooklyn,Sunset Park,kickball,10
3531,2019-07-13,2019,7,Brooklyn,Sunset Park,volleyball,10
3532,2019-07-13,2019,7,Brooklyn,Sunset Park,flag football,10
3533,2019-07-13,2019,7,Brooklyn,Sunset Park,bowling,10
3534,2019-07-13,2019,7,Brooklyn,Sunset Park,badminton,10
3535,2019-07-23,2019,7,Queens,Playground for All Children,soccer,41
3536,2019-07-23,2019,7,Queens,Playground for All Children,dodgeball,41
3537,2019-07-23,2019,7,Queens,Playground for All Children,track & field,41
3538,2019-07-24,2019,7,Queens,Playground for All Children,soccer,95
3539,2019-07-24,2019,7,Queens,Playground for All Children,dodgeball,95
3540,2019-07-24,2019,7,Queens,Playground for All Children,track & field,95
3541,2019-07-25,2019,7,Queens,Playground for All Children,soccer,48
3542,2019-07-25,2019,7,Queens,Playground for All Children,dodgeball,48
3543,2019-07-25,2019,7,Queens,Playground for All Children,track & field,48
3544,2019-07-26,2019,7,Queens,Playground for All Children,soccer,37
3545,2019-07-26,2019,7,Queens,Playground for All Children,dodgeball,37
3546,2019-07-26,2019,7,Queens,Playground for All Children,track & field,37
3547,2019-07-27,2019,7,Queens,Playground for All Children,soccer,109
3548,2019-07-27,2019,7,Queens,Playground for All Children,dodgeball,109
3549,2019-07-27,2019,7,Queens,Playground for All Children,track & field,109
3550,2019-07-25,2019,7,Staten Island,CPL. Thompson Park,soccer,40
3551,2019-07-25,2019,7,Staten Island,CPL. Thompson Park,basketball,40
3552,2019-07-25,2019,7,Staten Island,CPL. Thompson Park,flag football,40
3553,2019-07-26,2019,7,Staten Island,CPL. Thompson Park,soccer,35
3554,2019-07-26,2019,7,Staten Island,CPL. Thompson Park,basketball,35
3555,2019-07-26,2019,7,Staten Island,CPL. Thompson Park,flag football,35
3556,2019-07-27,2019,7,Staten Island,CPL. Thompson Park,soccer,30
3557,2019-07-27,2019,7,Staten Island,CPL. Thompson Park,basketball,30
3558,2019-07-27,2019,7,Staten Island,CPL. Thompson Park,flag football,30
3559,2019-07-28,2019,7,Staten Island,CPL. Thompson Park,soccer,50
3560,2019-07-28,2019,7,Staten Island,CPL. Thompson Park,basketball,50
3561,2019-07-28,2019,7,Staten Island,CPL. Thompson Park,flag football,50
3562,2019-07-17,2019,7,Queens,Playground for All Children,soccer,113
3563,2019-07-17,2019,7,Queens,Playground for All Children,basketball,113
3564,2019-07-17,2019,7,Queens,Playground for All Children,kickball,113
3565,2019-07-17,2019,7,Queens,Playground for All Children,baseball,113
3566,2019-07-17,2019,7,Queens,Playground for All Children,badminton,113
3567,2019-07-17,2019,7,Queens,Playground for All Children,relay races,113
3568,2019-07-18,2019,7,Queens,Playground for All Children,soccer,120
3569,2019-07-18,2019,7,Queens,Playground for All Children,basketball,120
3570,2019-07-18,2019,7,Queens,Playground for All Children,kickball,120
3571,2019-07-18,2019,7,Queens,Playground for All Children,baseball,120
3572,2019-07-18,2019,7,Queens,Playground for All Children,badminton,120
3573,2019-07-18,2019,7,Queens,Playground for All Children,relay races,120
3574,2019-07-19,2019,7,Queens,Playground for All Children,soccer,51
3575,2019-07-19,2019,7,Queens,Playground for All Children,basketball,51
3576,2019-07-19,2019,7,Queens,Playground for All Children,kickball,51
3577,2019-07-19,2019,7,Queens,Playground for All Children,baseball,51
3578,2019-07-19,2019,7,Queens,Playground for All Children,badminton,51
3579,2019-07-19,2019,7,Queens,Playground for All Children,relay races,51
3580,2019-07-10,2019,7,Queens,Playground for All Children,football,30
3581,2019-07-10,2019,7,Queens,Playground for All Children,track & field,30
3582,2019-07-11,2019,7,Queens,Playground for All Children,football,38
3583,2019-07-11,2019,7,Queens,Playground for All Children,track & field,38
3584,2019-07-13,2019,7,Queens,Playground for All Children,football,37
3585,2019-07-13,2019,7,Queens,Playground for All Children,track & field,37
3586,2019-07-18,2019,7,Staten Island,CPL. Thompson Park,soccer,40
3587,2019-07-18,2019,7,Staten Island,CPL. Thompson Park,basketball,40
3588,2019-07-18,2019,7,Staten Island,CPL. Thompson Park,flag football,40
3589,2019-07-19,2019,7,Staten Island,CPL. Thompson Park,soccer,35
3590,2019-07-19,2019,7,Staten Island,CPL. Thompson Park,basketball,35
3591,2019-07-19,2019,7,Staten Island,CPL. Thompson Park,flag football,35
3592,2019-07-20,2019,7,Staten Island,CPL. Thompson Park,soccer,45
3593,2019-07-20,2019,7,Staten Island,CPL. Thompson Park,basketball,45
3594,2019-07-20,2019,7,Staten Island,CPL. Thompson Park,flag football,45
3595,2019-07-21,2019,7,Staten Island,CPL. Thompson Park,soccer,20
3596,2019-07-21,2019,7,Staten Island,CPL. Thompson Park,basketball,20
3597,2019-07-21,2019,7,Staten Island,CPL. Thompson Park,flag football,20
3598,2019-07-22,2019,7,Staten Island,CPL. Thompson Park,soccer,15
3599,2019-07-22,2019,7,Staten Island,CPL. Thompson Park,basketball,15
3600,2019-07-22,2019,7,Staten Island,CPL. Thompson Park,flag football,15
3601,2019-07-15,2019,7,Bronx,Williamsbridge Oval,soccer,38
3602,2019-07-15,2019,7,Bronx,Williamsbridge Oval,basketball,38
3603,2019-07-15,2019,7,Bronx,Williamsbridge Oval,group games,38
3604,2019-07-15,2019,7,Bronx,Williamsbridge Oval,volleyball,38
3605,2019-07-16,2019,7,Bronx,Williamsbridge Oval,soccer,18
3606,2019-07-16,2019,7,Bronx,Williamsbridge Oval,basketball,18
3607,2019-07-16,2019,7,Bronx,Williamsbridge Oval,group games,18
3608,2019-07-16,2019,7,Bronx,Williamsbridge Oval,volleyball,18
3609,2019-07-17,2019,7,Bronx,Williamsbridge Oval,soccer,55
3610,2019-07-17,2019,7,Bronx,Williamsbridge Oval,basketball,55
3611,2019-07-17,2019,7,Bronx,Williamsbridge Oval,group games,55
3612,2019-07-17,2019,7,Bronx,Williamsbridge Oval,volleyball,55
3613,2019-07-19,2019,7,Bronx,Williamsbridge Oval,soccer,54
3614,2019-07-19,2019,7,Bronx,Williamsbridge Oval,basketball,54
3615,2019-07-19,2019,7,Bronx,Williamsbridge Oval,group games,54
3616,2019-07-19,2019,7,Bronx,Williamsbridge Oval,volleyball,54
3617,2019-07-20,2019,7,Bronx,Williamsbridge Oval,soccer,2
3618,2019-07-20,2019,7,Bronx,Williamsbridge Oval,basketball,2
3619,2019-07-20,2019,7,Bronx,Williamsbridge Oval,group games,2
3620,2019-07-20,2019,7,Bronx,Williamsbridge Oval,volleyball,2
3621,2019-07-09,2019,7,Bronx,Williamsbridge Oval,soccer,17
3622,2019-07-09,2019,7,Bronx,Williamsbridge Oval,basketball,17
3623,2019-07-09,2019,7,Bronx,Williamsbridge Oval,group games,17
3624,2019-07-09,2019,7,Bronx,Williamsbridge Oval,volleyball,17
3625,2019-07-10,2019,7,Bronx,Williamsbridge Oval,soccer,25
3626,2019-07-10,2019,7,Bronx,Williamsbridge Oval,basketball,25
3627,2019-07-10,2019,7,Bronx,Williamsbridge Oval,group games,25
3628,2019-07-10,2019,7,Bronx,Williamsbridge Oval,volleyball,25
3629,2019-07-11,2019,7,Bronx,Williamsbridge Oval,soccer,23
3630,2019-07-11,2019,7,Bronx,Williamsbridge Oval,basketball,23
3631,2019-07-11,2019,7,Bronx,Williamsbridge Oval,group games,23
3632,2019-07-11,2019,7,Bronx,Williamsbridge Oval,volleyball,23
3633,2019-07-12,2019,7,Bronx,Williamsbridge Oval,soccer,54
3634,2019-07-12,2019,7,Bronx,Williamsbridge Oval,basketball,54
3635,2019-07-12,2019,7,Bronx,Williamsbridge Oval,group games,54
3636,2019-07-12,2019,7,Bronx,Williamsbridge Oval,volleyball,54
3637,2019-07-13,2019,7,Bronx,Williamsbridge Oval,soccer,10
3638,2019-07-13,2019,7,Bronx,Williamsbridge Oval,basketball,10
3639,2019-07-13,2019,7,Bronx,Williamsbridge Oval,group games,10
3640,2019-07-13,2019,7,Bronx,Williamsbridge Oval,volleyball,10
3641,2019-07-01,2019,7,Bronx,Williamsbridge Oval,soccer,24
3642,2019-07-01,2019,7,Bronx,Williamsbridge Oval,basketball,24
3643,2019-07-01,2019,7,Bronx,Williamsbridge Oval,group games,24
3644,2019-07-01,2019,7,Bronx,Williamsbridge Oval,volleyball,24
3645,2019-07-01,2019,7,Bronx,Williamsbridge Oval,water games,24
3646,2019-07-02,2019,7,Bronx,Williamsbridge Oval,soccer,35
3647,2019-07-02,2019,7,Bronx,Williamsbridge Oval,basketball,35
3648,2019-07-02,2019,7,Bronx,Williamsbridge Oval,group games,35
3649,2019-07-02,2019,7,Bronx,Williamsbridge Oval,volleyball,35
3650,2019-07-02,2019,7,Bronx,Williamsbridge Oval,water games,35
3651,2019-07-03,2019,7,Bronx,Williamsbridge Oval,soccer,41
3652,2019-07-03,2019,7,Bronx,Williamsbridge Oval,basketball,41
3653,2019-07-03,2019,7,Bronx,Williamsbridge Oval,group games,41
3654,2019-07-03,2019,7,Bronx,Williamsbridge Oval,volleyball,41
3655,2019-07-03,2019,7,Bronx,Williamsbridge Oval,water games,41
3656,2019-07-05,2019,7,Bronx,Williamsbridge Oval,soccer,30
3657,2019-07-05,2019,7,Bronx,Williamsbridge Oval,basketball,30
3658,2019-07-05,2019,7,Bronx,Williamsbridge Oval,group games,30
3659,2019-07-05,2019,7,Bronx,Williamsbridge Oval,volleyball,30
3660,2019-07-05,2019,7,Bronx,Williamsbridge Oval,water games,30
3661,2019-07-06,2019,7,Bronx,Williamsbridge Oval,soccer,22
3662,2019-07-06,2019,7,Bronx,Williamsbridge Oval,basketball,22
3663,2019-07-06,2019,7,Bronx,Williamsbridge Oval,group games,22
3664,2019-07-06,2019,7,Bronx,Williamsbridge Oval,volleyball,22
3665,2019-07-06,2019,7,Bronx,Williamsbridge Oval,water games,22
3666,2019-07-11,2019,7,Staten Island,CPL. Thompson Park,soccer,55
3667,2019-07-11,2019,7,Staten Island,CPL. Thompson Park,basketball,55
3668,2019-07-11,2019,7,Staten Island,CPL. Thompson Park,flag football,55
3669,2019-07-12,2019,7,Staten Island,CPL. Thompson Park,soccer,50
3670,2019-07-12,2019,7,Staten Island,CPL. Thompson Park,basketball,50
3671,2019-07-12,2019,7,Staten Island,CPL. Thompson Park,flag football,50
3672,2019-07-13,2019,7,Staten Island,CPL. Thompson Park,soccer,70
3673,2019-07-13,2019,7,Staten Island,CPL. Thompson Park,basketball,70
3674,2019-07-13,2019,7,Staten Island,CPL. Thompson Park,flag football,70
3675,2019-07-14,2019,7,Staten Island,CPL. Thompson Park,soccer,300
3676,2019-07-14,2019,7,Staten Island,CPL. Thompson Park,basketball,300
3677,2019-07-14,2019,7,Staten Island,CPL. Thompson Park,flag football,300
3678,2019-07-15,2019,7,Staten Island,CPL. Thompson Park,soccer,15
3679,2019-07-15,2019,7,Staten Island,CPL. Thompson Park,basketball,15
3680,2019-07-15,2019,7,Staten Island,CPL. Thompson Park,flag football,15
3681,2019-07-02,2019,7,Queens,Playground for All Children,soccer,10
3682,2019-07-02,2019,7,Queens,Playground for All Children,basketball,10
3683,2019-07-02,2019,7,Queens,Playground for All Children,baseball,10
3684,2019-07-03,2019,7,Queens,Playground for All Children,soccer,160
3685,2019-07-03,2019,7,Queens,Playground for All Children,basketball,160
3686,2019-07-03,2019,7,Queens,Playground for All Children,baseball,160
3687,2019-07-06,2019,7,Queens,Playground for All Children,soccer,144
3688,2019-07-06,2019,7,Queens,Playground for All Children,basketball,144
3689,2019-07-06,2019,7,Queens,Playground for All Children,baseball,144
3690,2019-06-24,2019,6,Queens,Playground for All Children,baseball,80
3691,2019-06-25,2019,6,Queens,Playground for All Children,baseball,87
3692,2019-06-26,2019,6,Queens,Playground for All Children,baseball,83
3693,2019-06-27,2019,6,Queens,Playground for All Children,baseball,90
3694,2019-06-29,2019,6,Queens,Playground for All Children,baseball,112
3695,2019-07-04,2019,7,Staten Island,CPL. Thompson Park,soccer,40
3696,2019-07-04,2019,7,Staten Island,CPL. Thompson Park,basketball,40
3697,2019-07-04,2019,7,Staten Island,CPL. Thompson Park,track,40
3698,2019-07-04,2019,7,Staten Island,CPL. Thompson Park,flag football,40
3699,2019-07-04,2019,7,Staten Island,CPL. Thompson Park,t-ball,40
3700,2019-07-05,2019,7,Staten Island,CPL. Thompson Park,soccer,35
3701,2019-07-05,2019,7,Staten Island,CPL. Thompson Park,basketball,35
3702,2019-07-05,2019,7,Staten Island,CPL. Thompson Park,track,35
3703,2019-07-05,2019,7,Staten Island,CPL. Thompson Park,flag football,35
3704,2019-07-05,2019,7,Staten Island,CPL. Thompson Park,t-ball,35
3705,2019-07-07,2019,7,Staten Island,CPL. Thompson Park,soccer,40
3706,2019-07-07,2019,7,Staten Island,CPL. Thompson Park,basketball,40
3707,2019-07-07,2019,7,Staten Island,CPL. Thompson Park,track,40
3708,2019-07-07,2019,7,Staten Island,CPL. Thompson Park,flag football,40
3709,2019-07-07,2019,7,Staten Island,CPL. Thompson Park,t-ball,40
3710,2019-07-08,2019,7,Staten Island,CPL. Thompson Park,soccer,20
3711,2019-07-08,2019,7,Staten Island,CPL. Thompson Park,basketball,20
3712,2019-07-08,2019,7,Staten Island,CPL. Thompson Park,track,20
3713,2019-07-08,2019,7,Staten Island,CPL. Thompson Park,flag football,20
3714,2019-07-08,2019,7,Staten Island,CPL. Thompson Park,t-ball,20
3715,2019-06-19,2019,6,Queens,Playground for All Children,soccer,6
3716,2019-06-20,2019,6,Queens,Playground for All Children,soccer,5
3717,2019-06-21,2019,6,Queens,Playground for All Children,soccer,13
3718,2019-06-22,2019,6,Queens,Playground for All Children,soccer,60
3719,2019-06-19,2019,6,Queens,Playground for All Children,soccer,6
3720,2019-06-20,2019,6,Queens,Playground for All Children,soccer,5
3721,2019-06-21,2019,6,Queens,Playground for All Children,soccer,13
3722,2019-06-22,2019,6,Queens,Playground for All Children,soccer,60
3723,2019-06-24,2019,6,Bronx,Williamsbridge Oval,soccer,6
3724,2019-06-24,2019,6,Bronx,Williamsbridge Oval,basketball,6
3725,2019-06-24,2019,6,Bronx,Williamsbridge Oval,street hockey,6
3726,2019-06-24,2019,6,Bronx,Williamsbridge Oval,obstacle course,6
3727,2019-06-25,2019,6,Bronx,Williamsbridge Oval,soccer,71
3728,2019-06-25,2019,6,Bronx,Williamsbridge Oval,basketball,71
3729,2019-06-25,2019,6,Bronx,Williamsbridge Oval,street hockey,71
3730,2019-06-25,2019,6,Bronx,Williamsbridge Oval,obstacle course,71
3731,2019-06-26,2019,6,Bronx,Williamsbridge Oval,soccer,16
3732,2019-06-26,2019,6,Bronx,Williamsbridge Oval,basketball,16
3733,2019-06-26,2019,6,Bronx,Williamsbridge Oval,street hockey,16
3734,2019-06-26,2019,6,Bronx,Williamsbridge Oval,obstacle course,16
3735,2019-06-27,2019,6,Bronx,Williamsbridge Oval,soccer,15
3736,2019-06-27,2019,6,Bronx,Williamsbridge Oval,basketball,15
3737,2019-06-27,2019,6,Bronx,Williamsbridge Oval,street hockey,15
3738,2019-06-27,2019,6,Bronx,Williamsbridge Oval,obstacle course,15
3739,2019-06-28,2019,6,Bronx,Williamsbridge Oval,soccer,22
3740,2019-06-28,2019,6,Bronx,Williamsbridge Oval,basketball,22
3741,2019-06-28,2019,6,Bronx,Williamsbridge Oval,street hockey,22
3742,2019-06-28,2019,6,Bronx,Williamsbridge Oval,obstacle course,22
3743,2019-06-17,2019,6,Bronx,Williamsbridge Oval,group games,2
3744,2019-06-19,2019,6,Bronx,Williamsbridge Oval,group games,5
3745,2019-06-21,2019,6,Bronx,Williamsbridge Oval,group games,9
3746,2019-06-11,2019,6,Bronx,Williamsbridge Oval,soccer,34
3747,2019-06-11,2019,6,Bronx,Williamsbridge Oval,flag football,34
3748,2019-06-14,2019,6,Bronx,Williamsbridge Oval,soccer,7
3749,2019-06-14,2019,6,Bronx,Williamsbridge Oval,flag football,7
3750,2019-06-04,2019,6,Bronx,Williamsbridge Oval,soccer,30
3751,2019-06-04,2019,6,Bronx,Williamsbridge Oval,basketball,30
3752,2019-06-04,2019,6,Bronx,Williamsbridge Oval,group games,30
3753,2019-06-04,2019,6,Bronx,Williamsbridge Oval,volleyball,30
3754,2019-06-05,2019,6,Bronx,Williamsbridge Oval,soccer,18
3755,2019-06-05,2019,6,Bronx,Williamsbridge Oval,basketball,18
3756,2019-06-05,2019,6,Bronx,Williamsbridge Oval,group games,18
3757,2019-06-05,2019,6,Bronx,Williamsbridge Oval,volleyball,18
3758,2019-06-06,2019,6,Bronx,Williamsbridge Oval,soccer,75
3759,2019-06-06,2019,6,Bronx,Williamsbridge Oval,basketball,75
3760,2019-06-06,2019,6,Bronx,Williamsbridge Oval,group games,75
3761,2019-06-06,2019,6,Bronx,Williamsbridge Oval,volleyball,75
3762,2019-06-07,2019,6,Bronx,Williamsbridge Oval,soccer,39
3763,2019-06-07,2019,6,Bronx,Williamsbridge Oval,basketball,39
3764,2019-06-07,2019,6,Bronx,Williamsbridge Oval,group games,39
3765,2019-06-07,2019,6,Bronx,Williamsbridge Oval,volleyball,39
3766,2019-06-11,2019,6,Queens,Playground for All Children,basketball,17
3767,2019-06-11,2019,6,Queens,Playground for All Children,baseball,17
3768,2019-06-11,2019,6,Queens,Playground for All Children,volleyball,17
3769,2019-06-12,2019,6,Queens,Playground for All Children,basketball,66
3770,2019-06-12,2019,6,Queens,Playground for All Children,baseball,66
3771,2019-06-12,2019,6,Queens,Playground for All Children,volleyball,66
3772,2019-06-13,2019,6,Queens,Playground for All Children,basketball,5
3773,2019-06-13,2019,6,Queens,Playground for All Children,baseball,5
3774,2019-06-13,2019,6,Queens,Playground for All Children,volleyball,5
3775,2019-06-14,2019,6,Queens,Playground for All Children,basketball,77
3776,2019-06-14,2019,6,Queens,Playground for All Children,baseball,77
3777,2019-06-14,2019,6,Queens,Playground for All Children,volleyball,77
3778,2019-06-11,2019,6,Queens,Playground for All Children,basketball,17
3779,2019-06-11,2019,6,Queens,Playground for All Children,track & field,17
3780,2019-06-12,2019,6,Queens,Playground for All Children,basketball,66
3781,2019-06-12,2019,6,Queens,Playground for All Children,track & field,66
3782,2019-06-13,2019,6,Queens,Playground for All Children,basketball,5
3783,2019-06-13,2019,6,Queens,Playground for All Children,track & field,5
3784,2019-06-14,2019,6,Queens,Playground for All Children,basketball,77
3785,2019-06-14,2019,6,Queens,Playground for All Children,track & field,77
3786,2019-06-04,2019,6,Queens,Playground for All Children,soccer,24
3787,2019-06-04,2019,6,Queens,Playground for All Children,basketball,24
3788,2019-06-04,2019,6,Queens,Playground for All Children,frisbee,24
3789,2019-06-04,2019,6,Queens,Playground for All Children,baseball,24
3790,2019-06-05,2019,6,Queens,Playground for All Children,soccer,20
3791,2019-06-05,2019,6,Queens,Playground for All Children,basketball,20
3792,2019-06-05,2019,6,Queens,Playground for All Children,frisbee,20
3793,2019-06-05,2019,6,Queens,Playground for All Children,baseball,20
3794,2019-06-07,2019,6,Queens,Playground for All Children,soccer,39
3795,2019-06-07,2019,6,Queens,Playground for All Children,basketball,39
3796,2019-06-07,2019,6,Queens,Playground for All Children,frisbee,39
3797,2019-06-07,2019,6,Queens,Playground for All Children,baseball,39
3798,2019-06-08,2019,6,Queens,Playground for All Children,soccer,33
3799,2019-06-08,2019,6,Queens,Playground for All Children,basketball,33
3800,2019-06-08,2019,6,Queens,Playground for All Children,frisbee,33
3801,2019-06-08,2019,6,Queens,Playground for All Children,baseball,33
3802,2019-05-28,2019,5,Queens,Playground for All Children,soccer,8
3803,2019-05-29,2019,5,Queens,Playground for All Children,soccer,31
3804,2019-05-30,2019,5,Queens,Playground for All Children,soccer,44
3805,2019-05-31,2019,5,Queens,Playground for All Children,soccer,73
3806,2019-05-29,2019,5,Bronx,Williamsbridge Oval,soccer,15
3807,2019-05-29,2019,5,Bronx,Williamsbridge Oval,basketball,15
3808,2019-05-29,2019,5,Bronx,Williamsbridge Oval,volleyball,15
3809,2019-05-29,2019,5,Bronx,Williamsbridge Oval,relay races,15
3810,2019-05-31,2019,5,Bronx,Williamsbridge Oval,soccer,3
3811,2019-05-31,2019,5,Bronx,Williamsbridge Oval,basketball,3
3812,2019-05-31,2019,5,Bronx,Williamsbridge Oval,volleyball,3
3813,2019-05-31,2019,5,Bronx,Williamsbridge Oval,relay races,3
3814,2019-06-01,2019,6,Bronx,Williamsbridge Oval,soccer,30
3815,2019-06-01,2019,6,Bronx,Williamsbridge Oval,basketball,30
3816,2019-06-01,2019,6,Bronx,Williamsbridge Oval,volleyball,30
3817,2019-06-01,2019,6,Bronx,Williamsbridge Oval,relay races,30
3818,2019-05-20,2019,5,Queens,Playground for All Children,basketball,16
3819,2019-05-21,2019,5,Queens,Playground for All Children,basketball,35
3820,2019-05-23,2019,5,Queens,Playground for All Children,basketball,50
3821,2019-05-24,2019,5,Queens,Playground for All Children,basketball,19
3822,2019-05-20,2019,5,Bronx,Williamsbridge Oval,soccer,5
3823,2019-05-20,2019,5,Bronx,Williamsbridge Oval,basketball,5
3824,2019-05-20,2019,5,Bronx,Williamsbridge Oval,obstacle course,5
3825,2019-05-20,2019,5,Bronx,Williamsbridge Oval,catch,5
3826,2019-05-21,2019,5,Bronx,Williamsbridge Oval,soccer,17
3827,2019-05-21,2019,5,Bronx,Williamsbridge Oval,basketball,17
3828,2019-05-21,2019,5,Bronx,Williamsbridge Oval,obstacle course,17
3829,2019-05-21,2019,5,Bronx,Williamsbridge Oval,catch,17
3830,2019-05-22,2019,5,Bronx,Williamsbridge Oval,soccer,38
3831,2019-05-22,2019,5,Bronx,Williamsbridge Oval,basketball,38
3832,2019-05-22,2019,5,Bronx,Williamsbridge Oval,obstacle course,38
3833,2019-05-22,2019,5,Bronx,Williamsbridge Oval,catch,38
3834,2019-05-23,2019,5,Bronx,Williamsbridge Oval,soccer,21
3835,2019-05-23,2019,5,Bronx,Williamsbridge Oval,basketball,21
3836,2019-05-23,2019,5,Bronx,Williamsbridge Oval,obstacle course,21
3837,2019-05-23,2019,5,Bronx,Williamsbridge Oval,catch,21
3838,2019-05-24,2019,5,Bronx,Williamsbridge Oval,soccer,16
3839,2019-05-24,2019,5,Bronx,Williamsbridge Oval,basketball,16
3840,2019-05-24,2019,5,Bronx,Williamsbridge Oval,obstacle course,16
3841,2019-05-24,2019,5,Bronx,Williamsbridge Oval,catch,16
3842,2019-05-15,2019,5,Bronx,Williamsbridge Oval,soccer,35
3843,2019-05-15,2019,5,Bronx,Williamsbridge Oval,group games,35
3844,2019-05-15,2019,5,Bronx,Williamsbridge Oval,golf,35
3845,2019-05-16,2019,5,Bronx,Williamsbridge Oval,soccer,45
3846,2019-05-16,2019,5,Bronx,Williamsbridge Oval,group games,45
3847,2019-05-16,2019,5,Bronx,Williamsbridge Oval,golf,45
3848,2019-05-17,2019,5,Bronx,Williamsbridge Oval,soccer,25
3849,2019-05-17,2019,5,Bronx,Williamsbridge Oval,group games,25
3850,2019-05-17,2019,5,Bronx,Williamsbridge Oval,golf,25
3851,2019-05-06,2019,5,Bronx,Williamsbridge Oval,soccer,10
3852,2019-05-06,2019,5,Bronx,Williamsbridge Oval,basketball,10
3853,2019-05-06,2019,5,Bronx,Williamsbridge Oval,volleyball,10
3854,2019-05-06,2019,5,Bronx,Williamsbridge Oval,catch,10
3855,2019-05-06,2019,5,Bronx,Williamsbridge Oval,hula hoop,10
3856,2019-05-07,2019,5,Bronx,Williamsbridge Oval,soccer,15
3857,2019-05-07,2019,5,Bronx,Williamsbridge Oval,basketball,15
3858,2019-05-07,2019,5,Bronx,Williamsbridge Oval,volleyball,15
3859,2019-05-07,2019,5,Bronx,Williamsbridge Oval,catch,15
3860,2019-05-07,2019,5,Bronx,Williamsbridge Oval,hula hoop,15
3861,2019-05-08,2019,5,Bronx,Williamsbridge Oval,soccer,5
3862,2019-05-08,2019,5,Bronx,Williamsbridge Oval,basketball,5
3863,2019-05-08,2019,5,Bronx,Williamsbridge Oval,volleyball,5
3864,2019-05-08,2019,5,Bronx,Williamsbridge Oval,catch,5
3865,2019-05-08,2019,5,Bronx,Williamsbridge Oval,hula hoop,5
3866,2019-05-09,2019,5,Bronx,Williamsbridge Oval,soccer,25
3867,2019-05-09,2019,5,Bronx,Williamsbridge Oval,basketball,25
3868,2019-05-09,2019,5,Bronx,Williamsbridge Oval,volleyball,25
3869,2019-05-09,2019,5,Bronx,Williamsbridge Oval,catch,25
3870,2019-05-09,2019,5,Bronx,Williamsbridge Oval,hula hoop,25
3871,2019-05-10,2019,5,Bronx,Williamsbridge Oval,soccer,22
3872,2019-05-10,2019,5,Bronx,Williamsbridge Oval,basketball,22
3873,2019-05-10,2019,5,Bronx,Williamsbridge Oval,volleyball,22
3874,2019-05-10,2019,5,Bronx,Williamsbridge Oval,catch,22
3875,2019-05-10,2019,5,Bronx,Williamsbridge Oval,hula hoop,22
3876,2019-04-30,2019,4,Queens,Playground for All Children,soccer,191
3877,2019-04-30,2019,4,Queens,Playground for All Children,basketball,191
3878,2019-04-30,2019,4,Queens,Playground for All Children,softball,191
3879,2019-04-30,2019,4,Queens,Playground for All Children,football,191
3880,2019-05-02,2019,5,Queens,Playground for All Children,soccer,76
3881,2019-05-02,2019,5,Queens,Playground for All Children,basketball,76
3882,2019-05-02,2019,5,Queens,Playground for All Children,softball,76
3883,2019-05-02,2019,5,Queens,Playground for All Children,football,76
3884,2019-05-04,2019,5,Queens,Playground for All Children,soccer,166
3885,2019-05-04,2019,5,Queens,Playground for All Children,basketball,166
3886,2019-05-04,2019,5,Queens,Playground for All Children,softball,166
3887,2019-05-04,2019,5,Queens,Playground for All Children,football,166
3888,2019-04-23,2019,4,Queens,Playground for All Children,softball soccer,347
3889,2019-04-24,2019,4,Queens,Playground for All Children,softball soccer,362
3890,2019-04-25,2019,4,Queens,Playground for All Children,softball soccer,9
3891,2021-09-09,2021,9,Staten Island,CPL. Thompson Park,basketball,20
3892,2021-09-09,2021,9,Staten Island,CPL. Thompson Park,football,20
3893,2021-09-02,2021,9,Staten Island,CPL. Thompson Park,basketball,18
3894,2021-09-02,2021,9,Staten Island,CPL. Thompson Park,frisbee,18
3895,2021-09-02,2021,9,Staten Island,CPL. Thompson Park,football,18
3896,2021-09-04,2021,9,Staten Island,CPL. Thompson Park,basketball,23
3897,2021-09-04,2021,9,Staten Island,CPL. Thompson Park,frisbee,23
3898,2021-09-04,2021,9,Staten Island,CPL. Thompson Park,football,23
3899,2021-08-26,2021,8,Staten Island,CPL. Thompson Park,soccer,20
3900,2021-08-26,2021,8,Staten Island,CPL. Thompson Park,frisbee,20
3901,2021-08-26,2021,8,Staten Island,CPL. Thompson Park,football,20
3902,2021-08-28,2021,8,Staten Island,CPL. Thompson Park,soccer,26
3903,2021-08-28,2021,8,Staten Island,CPL. Thompson Park,frisbee,26
3904,2021-08-28,2021,8,Staten Island,CPL. Thompson Park,football,26
3905,2021-08-31,2021,8,Brooklyn,John J Carty Playground,soccer,46
3906,2021-08-31,2021,8,Brooklyn,John J Carty Playground,basketball,46
3907,2021-08-31,2021,8,Brooklyn,John J Carty Playground,frisbee,46
3908,2021-08-31,2021,8,Brooklyn,John J Carty Playground,football,46
3909,2021-08-31,2021,8,Brooklyn,John J Carty Playground,volleyball,46
3910,2021-08-31,2021,8,Brooklyn,John J Carty Playground,street hockey,46
3911,2021-08-31,2021,8,Brooklyn,John J Carty Playground,handball,46
3912,2021-08-31,2021,8,Brooklyn,John J Carty Playground,pickleball,46
3913,2021-08-31,2021,8,Brooklyn,John J Carty Playground,youth strength,46
3914,2021-08-31,2021,8,Brooklyn,John J Carty Playground,senior fitness,46
3915,2021-09-01,2021,9,Brooklyn,John J Carty Playground,soccer,54
3916,2021-09-01,2021,9,Brooklyn,John J Carty Playground,basketball,54
3917,2021-09-01,2021,9,Brooklyn,John J Carty Playground,frisbee,54
3918,2021-09-01,2021,9,Brooklyn,John J Carty Playground,football,54
3919,2021-09-01,2021,9,Brooklyn,John J Carty Playground,volleyball,54
3920,2021-09-01,2021,9,Brooklyn,John J Carty Playground,street hockey,54
3921,2021-09-01,2021,9,Brooklyn,John J Carty Playground,handball,54
3922,2021-09-01,2021,9,Brooklyn,John J Carty Playground,pickleball,54
3923,2021-09-01,2021,9,Brooklyn,John J Carty Playground,youth strength,54
3924,2021-09-01,2021,9,Brooklyn,John J Carty Playground,senior fitness,54
3925,2021-08-25,2021,8,Brooklyn,John J Carty Playground,soccer,17
3926,2021-08-25,2021,8,Brooklyn,John J Carty Playground,basketball,17
3927,2021-08-25,2021,8,Brooklyn,John J Carty Playground,frisbee,17
3928,2021-08-25,2021,8,Brooklyn,John J Carty Playground,football,17
3929,2021-08-25,2021,8,Brooklyn,John J Carty Playground,volleyball,17
3930,2021-08-25,2021,8,Brooklyn,John J Carty Playground,street hockey,17
3931,2021-08-25,2021,8,Brooklyn,John J Carty Playground,handball,17
3932,2021-08-25,2021,8,Brooklyn,John J Carty Playground,pickleball,17
3933,2021-08-25,2021,8,Brooklyn,John J Carty Playground,youth strength,17
3934,2021-08-25,2021,8,Brooklyn,John J Carty Playground,senior fitness,17
3935,2021-08-26,2021,8,Brooklyn,John J Carty Playground,soccer,21
3936,2021-08-26,2021,8,Brooklyn,John J Carty Playground,basketball,21
3937,2021-08-26,2021,8,Brooklyn,John J Carty Playground,frisbee,21
3938,2021-08-26,2021,8,Brooklyn,John J Carty Playground,football,21
3939,2021-08-26,2021,8,Brooklyn,John J Carty Playground,volleyball,21
3940,2021-08-26,2021,8,Brooklyn,John J Carty Playground,street hockey,21
3941,2021-08-26,2021,8,Brooklyn,John J Carty Playground,handball,21
3942,2021-08-26,2021,8,Brooklyn,John J Carty Playground,pickleball,21
3943,2021-08-26,2021,8,Brooklyn,John J Carty Playground,youth strength,21
3944,2021-08-26,2021,8,Brooklyn,John J Carty Playground,senior fitness,21
3945,2021-08-27,2021,8,Brooklyn,John J Carty Playground,soccer,19
3946,2021-08-27,2021,8,Brooklyn,John J Carty Playground,basketball,19
3947,2021-08-27,2021,8,Brooklyn,John J Carty Playground,frisbee,19
3948,2021-08-27,2021,8,Brooklyn,John J Carty Playground,football,19
3949,2021-08-27,2021,8,Brooklyn,John J Carty Playground,volleyball,19
3950,2021-08-27,2021,8,Brooklyn,John J Carty Playground,street hockey,19
3951,2021-08-27,2021,8,Brooklyn,John J Carty Playground,handball,19
3952,2021-08-27,2021,8,Brooklyn,John J Carty Playground,pickleball,19
3953,2021-08-27,2021,8,Brooklyn,John J Carty Playground,youth strength,19
3954,2021-08-27,2021,8,Brooklyn,John J Carty Playground,senior fitness,19
3955,2021-08-28,2021,8,Brooklyn,John J Carty Playground,soccer,26
3956,2021-08-28,2021,8,Brooklyn,John J Carty Playground,basketball,26
3957,2021-08-28,2021,8,Brooklyn,John J Carty Playground,frisbee,26
3958,2021-08-28,2021,8,Brooklyn,John J Carty Playground,football,26
3959,2021-08-28,2021,8,Brooklyn,John J Carty Playground,volleyball,26
3960,2021-08-28,2021,8,Brooklyn,John J Carty Playground,street hockey,26
3961,2021-08-28,2021,8,Brooklyn,John J Carty Playground,handball,26
3962,2021-08-28,2021,8,Brooklyn,John J Carty Playground,pickleball,26
3963,2021-08-28,2021,8,Brooklyn,John J Carty Playground,youth strength,26
3964,2021-08-28,2021,8,Brooklyn,John J Carty Playground,senior fitness,26
3965,2021-08-09,2021,8,Queens,Mafera Park,soccer,56
3966,2021-08-09,2021,8,Queens,Mafera Park,basketball,56
3967,2021-08-07,2021,8,Queens,Electric Playground,soccer,60
3968,2021-08-05,2021,8,Queens,Real Good Playground,soccer,50
3969,2021-08-05,2021,8,Queens,Real Good Playground,basketball,50
3970,2021-07-05,2021,7,Queens,Mafera Park,basketball,56
3971,2021-07-10,2021,7,Queens,Electric Playground,soccer,20
3972,2021-07-10,2021,7,Queens,Electric Playground,basketball,20
3973,2021-07-08,2021,7,Queens,Real Good Playground,soccer,60
3974,2021-07-08,2021,7,Queens,Real Good Playground,basketball,60
3975,2021-06-26,2021,6,Queens,Electric Playground,basketball,25
3976,2021-06-24,2021,6,Queens,Real Good Playground,soccer,20
3977,2021-06-24,2021,6,Queens,Real Good Playground,basketball,20
3978,2021-09-21,2021,9,Queens,Mafera Park,basketball,10
3979,2021-06-19,2021,6,Queens,Electric Playground,soccer,5
3980,2021-06-17,2021,6,Queens,Real Good Playground,basketball,15
3981,2021-06-14,2021,6,Queens,Mafera Park,soccer,15
3982,2021-06-14,2021,6,Queens,Mafera Park,basketball,15
3983,2021-06-12,2021,6,Queens,Electric Playground,soccer,5
3984,2021-06-12,2021,6,Queens,Electric Playground,basketball,5
3985,2021-06-10,2021,6,Queens,Real Good Playground,basketball,10
3986,2021-06-07,2021,6,Queens,Mafera Park,soccer,5
3987,2021-06-05,2021,6,Queens,Electric Playground,basketball,15
3988,2021-06-03,2021,6,Queens,Electric Playground,soccer,10
3989,2021-06-03,2021,6,Queens,Electric Playground,basketball,10
3990,2021-06-03,2021,6,Queens,Electric Playground,flag football,10
3991,2021-08-24,2021,8,Bronx,Williamsbridge Oval,soccer,35
3992,2021-08-24,2021,8,Bronx,Williamsbridge Oval,football,35
3993,2021-08-24,2021,8,Bronx,Williamsbridge Oval,tennis,35
3994,2021-08-24,2021,8,Bronx,Williamsbridge Oval,baseball,35
3995,2021-08-24,2021,8,Bronx,Williamsbridge Oval,volleyball,35
3996,2021-08-25,2021,8,Bronx,Williamsbridge Oval,soccer,30
3997,2021-08-25,2021,8,Bronx,Williamsbridge Oval,football,30
3998,2021-08-25,2021,8,Bronx,Williamsbridge Oval,tennis,30
3999,2021-08-25,2021,8,Bronx,Williamsbridge Oval,baseball,30
4000,2021-08-25,2021,8,Bronx,Williamsbridge Oval,volleyball,30
4001,2021-08-26,2021,8,Bronx,Williamsbridge Oval,soccer,38
4002,2021-08-26,2021,8,Bronx,Williamsbridge Oval,football,38
4003,2021-08-26,2021,8,Bronx,Williamsbridge Oval,tennis,38
4004,2021-08-26,2021,8,Bronx,Williamsbridge Oval,baseball,38
4005,2021-08-26,2021,8,Bronx,Williamsbridge Oval,volleyball,38
4006,2021-08-27,2021,8,Bronx,Williamsbridge Oval,soccer,28
4007,2021-08-27,2021,8,Bronx,Williamsbridge Oval,football,28
4008,2021-08-27,2021,8,Bronx,Williamsbridge Oval,tennis,28
4009,2021-08-27,2021,8,Bronx,Williamsbridge Oval,baseball,28
4010,2021-08-27,2021,8,Bronx,Williamsbridge Oval,volleyball,28
4011,2021-08-17,2021,8,Brooklyn,John J Carty Playground,soccer,41
4012,2021-08-17,2021,8,Brooklyn,John J Carty Playground,basketball,41
4013,2021-08-17,2021,8,Brooklyn,John J Carty Playground,frisbee,41
4014,2021-08-17,2021,8,Brooklyn,John J Carty Playground,football,41
4015,2021-08-17,2021,8,Brooklyn,John J Carty Playground,volleyball,41
4016,2021-08-17,2021,8,Brooklyn,John J Carty Playground,street hockey,41
4017,2021-08-17,2021,8,Brooklyn,John J Carty Playground,handball,41
4018,2021-08-17,2021,8,Brooklyn,John J Carty Playground,pickleball,41
4019,2021-08-17,2021,8,Brooklyn,John J Carty Playground,youth strength,41
4020,2021-08-17,2021,8,Brooklyn,John J Carty Playground,senior fitness,41
4021,2021-08-18,2021,8,Brooklyn,John J Carty Playground,soccer,43
4022,2021-08-18,2021,8,Brooklyn,John J Carty Playground,basketball,43
4023,2021-08-18,2021,8,Brooklyn,John J Carty Playground,frisbee,43
4024,2021-08-18,2021,8,Brooklyn,John J Carty Playground,football,43
4025,2021-08-18,2021,8,Brooklyn,John J Carty Playground,volleyball,43
4026,2021-08-18,2021,8,Brooklyn,John J Carty Playground,street hockey,43
4027,2021-08-18,2021,8,Brooklyn,John J Carty Playground,handball,43
4028,2021-08-18,2021,8,Brooklyn,John J Carty Playground,pickleball,43
4029,2021-08-18,2021,8,Brooklyn,John J Carty Playground,youth strength,43
4030,2021-08-18,2021,8,Brooklyn,John J Carty Playground,senior fitness,43
4031,2021-08-19,2021,8,Brooklyn,John J Carty Playground,soccer,57
4032,2021-08-19,2021,8,Brooklyn,John J Carty Playground,basketball,57
4033,2021-08-19,2021,8,Brooklyn,John J Carty Playground,frisbee,57
4034,2021-08-19,2021,8,Brooklyn,John J Carty Playground,football,57
4035,2021-08-19,2021,8,Brooklyn,John J Carty Playground,volleyball,57
4036,2021-08-19,2021,8,Brooklyn,John J Carty Playground,street hockey,57
4037,2021-08-19,2021,8,Brooklyn,John J Carty Playground,handball,57
4038,2021-08-19,2021,8,Brooklyn,John J Carty Playground,pickleball,57
4039,2021-08-19,2021,8,Brooklyn,John J Carty Playground,youth strength,57
4040,2021-08-19,2021,8,Brooklyn,John J Carty Playground,senior fitness,57
4041,2021-08-20,2021,8,Brooklyn,John J Carty Playground,soccer,36
4042,2021-08-20,2021,8,Brooklyn,John J Carty Playground,basketball,36
4043,2021-08-20,2021,8,Brooklyn,John J Carty Playground,frisbee,36
4044,2021-08-20,2021,8,Brooklyn,John J Carty Playground,football,36
4045,2021-08-20,2021,8,Brooklyn,John J Carty Playground,volleyball,36
4046,2021-08-20,2021,8,Brooklyn,John J Carty Playground,street hockey,36
4047,2021-08-20,2021,8,Brooklyn,John J Carty Playground,handball,36
4048,2021-08-20,2021,8,Brooklyn,John J Carty Playground,pickleball,36
4049,2021-08-20,2021,8,Brooklyn,John J Carty Playground,youth strength,36
4050,2021-08-20,2021,8,Brooklyn,John J Carty Playground,senior fitness,36
4051,2021-08-21,2021,8,Brooklyn,John J Carty Playground,soccer,23
4052,2021-08-21,2021,8,Brooklyn,John J Carty Playground,basketball,23
4053,2021-08-21,2021,8,Brooklyn,John J Carty Playground,frisbee,23
4054,2021-08-21,2021,8,Brooklyn,John J Carty Playground,football,23
4055,2021-08-21,2021,8,Brooklyn,John J Carty Playground,volleyball,23
4056,2021-08-21,2021,8,Brooklyn,John J Carty Playground,street hockey,23
4057,2021-08-21,2021,8,Brooklyn,John J Carty Playground,handball,23
4058,2021-08-21,2021,8,Brooklyn,John J Carty Playground,pickleball,23
4059,2021-08-21,2021,8,Brooklyn,John J Carty Playground,youth strength,23
4060,2021-08-21,2021,8,Brooklyn,John J Carty Playground,senior fitness,23
4061,2021-08-17,2021,8,Bronx,Williamsbridge Oval,soccer,41
4062,2021-08-17,2021,8,Bronx,Williamsbridge Oval,football,41
4063,2021-08-17,2021,8,Bronx,Williamsbridge Oval,tennis,41
4064,2021-08-17,2021,8,Bronx,Williamsbridge Oval,baseball,41
4065,2021-08-18,2021,8,Bronx,Williamsbridge Oval,soccer,48
4066,2021-08-18,2021,8,Bronx,Williamsbridge Oval,football,48
4067,2021-08-18,2021,8,Bronx,Williamsbridge Oval,tennis,48
4068,2021-08-18,2021,8,Bronx,Williamsbridge Oval,baseball,48
4069,2021-08-19,2021,8,Bronx,Williamsbridge Oval,soccer,60
4070,2021-08-19,2021,8,Bronx,Williamsbridge Oval,football,60
4071,2021-08-19,2021,8,Bronx,Williamsbridge Oval,tennis,60
4072,2021-08-19,2021,8,Bronx,Williamsbridge Oval,baseball,60
4073,2021-08-20,2021,8,Bronx,Williamsbridge Oval,soccer,33
4074,2021-08-20,2021,8,Bronx,Williamsbridge Oval,football,33
4075,2021-08-20,2021,8,Bronx,Williamsbridge Oval,tennis,33
4076,2021-08-20,2021,8,Bronx,Williamsbridge Oval,baseball,33
4077,2021-08-21,2021,8,Bronx,Williamsbridge Oval,soccer,31
4078,2021-08-21,2021,8,Bronx,Williamsbridge Oval,football,31
4079,2021-08-21,2021,8,Bronx,Williamsbridge Oval,tennis,31
4080,2021-08-21,2021,8,Bronx,Williamsbridge Oval,baseball,31
4081,2021-08-10,2021,8,Brooklyn,John J Carty Playground,soccer,33
4082,2021-08-10,2021,8,Brooklyn,John J Carty Playground,basketball,33
4083,2021-08-10,2021,8,Brooklyn,John J Carty Playground,frisbee,33
4084,2021-08-10,2021,8,Brooklyn,John J Carty Playground,football,33
4085,2021-08-10,2021,8,Brooklyn,John J Carty Playground,volleyball,33
4086,2021-08-10,2021,8,Brooklyn,John J Carty Playground,street hockey,33
4087,2021-08-10,2021,8,Brooklyn,John J Carty Playground,handball,33
4088,2021-08-10,2021,8,Brooklyn,John J Carty Playground,pickleball,33
4089,2021-08-10,2021,8,Brooklyn,John J Carty Playground,youth strength,33
4090,2021-08-10,2021,8,Brooklyn,John J Carty Playground,senior fitness,33
4091,2021-08-11,2021,8,Brooklyn,John J Carty Playground,soccer,27
4092,2021-08-11,2021,8,Brooklyn,John J Carty Playground,basketball,27
4093,2021-08-11,2021,8,Brooklyn,John J Carty Playground,frisbee,27
4094,2021-08-11,2021,8,Brooklyn,John J Carty Playground,football,27
4095,2021-08-11,2021,8,Brooklyn,John J Carty Playground,volleyball,27
4096,2021-08-11,2021,8,Brooklyn,John J Carty Playground,street hockey,27
4097,2021-08-11,2021,8,Brooklyn,John J Carty Playground,handball,27
4098,2021-08-11,2021,8,Brooklyn,John J Carty Playground,pickleball,27
4099,2021-08-11,2021,8,Brooklyn,John J Carty Playground,youth strength,27
4100,2021-08-11,2021,8,Brooklyn,John J Carty Playground,senior fitness,27
4101,2021-08-12,2021,8,Brooklyn,John J Carty Playground,soccer,23
4102,2021-08-12,2021,8,Brooklyn,John J Carty Playground,basketball,23
4103,2021-08-12,2021,8,Brooklyn,John J Carty Playground,frisbee,23
4104,2021-08-12,2021,8,Brooklyn,John J Carty Playground,football,23
4105,2021-08-12,2021,8,Brooklyn,John J Carty Playground,volleyball,23
4106,2021-08-12,2021,8,Brooklyn,John J Carty Playground,street hockey,23
4107,2021-08-12,2021,8,Brooklyn,John J Carty Playground,handball,23
4108,2021-08-12,2021,8,Brooklyn,John J Carty Playground,pickleball,23
4109,2021-08-12,2021,8,Brooklyn,John J Carty Playground,youth strength,23
4110,2021-08-12,2021,8,Brooklyn,John J Carty Playground,senior fitness,23
4111,2021-08-13,2021,8,Brooklyn,John J Carty Playground,soccer,11
4112,2021-08-13,2021,8,Brooklyn,John J Carty Playground,basketball,11
4113,2021-08-13,2021,8,Brooklyn,John J Carty Playground,frisbee,11
4114,2021-08-13,2021,8,Brooklyn,John J Carty Playground,football,11
4115,2021-08-13,2021,8,Brooklyn,John J Carty Playground,volleyball,11
4116,2021-08-13,2021,8,Brooklyn,John J Carty Playground,street hockey,11
4117,2021-08-13,2021,8,Brooklyn,John J Carty Playground,handball,11
4118,2021-08-13,2021,8,Brooklyn,John J Carty Playground,pickleball,11
4119,2021-08-13,2021,8,Brooklyn,John J Carty Playground,youth strength,11
4120,2021-08-13,2021,8,Brooklyn,John J Carty Playground,senior fitness,11
4121,2021-08-14,2021,8,Brooklyn,John J Carty Playground,soccer,13
4122,2021-08-14,2021,8,Brooklyn,John J Carty Playground,basketball,13
4123,2021-08-14,2021,8,Brooklyn,John J Carty Playground,frisbee,13
4124,2021-08-14,2021,8,Brooklyn,John J Carty Playground,football,13
4125,2021-08-14,2021,8,Brooklyn,John J Carty Playground,volleyball,13
4126,2021-08-14,2021,8,Brooklyn,John J Carty Playground,street hockey,13
4127,2021-08-14,2021,8,Brooklyn,John J Carty Playground,handball,13
4128,2021-08-14,2021,8,Brooklyn,John J Carty Playground,pickleball,13
4129,2021-08-14,2021,8,Brooklyn,John J Carty Playground,youth strength,13
4130,2021-08-14,2021,8,Brooklyn,John J Carty Playground,senior fitness,13
4131,2021-08-10,2021,8,Bronx,Williamsbridge Oval,soccer,31
4132,2021-08-10,2021,8,Bronx,Williamsbridge Oval,football,31
4133,2021-08-10,2021,8,Bronx,Williamsbridge Oval,tennis,31
4134,2021-08-10,2021,8,Bronx,Williamsbridge Oval,baseball,31
4135,2021-08-10,2021,8,Bronx,Williamsbridge Oval,volleyball,31
4136,2021-08-11,2021,8,Bronx,Williamsbridge Oval,soccer,48
4137,2021-08-11,2021,8,Bronx,Williamsbridge Oval,football,48
4138,2021-08-11,2021,8,Bronx,Williamsbridge Oval,tennis,48
4139,2021-08-11,2021,8,Bronx,Williamsbridge Oval,baseball,48
4140,2021-08-11,2021,8,Bronx,Williamsbridge Oval,volleyball,48
4141,2021-08-12,2021,8,Bronx,Williamsbridge Oval,soccer,37
4142,2021-08-12,2021,8,Bronx,Williamsbridge Oval,football,37
4143,2021-08-12,2021,8,Bronx,Williamsbridge Oval,tennis,37
4144,2021-08-12,2021,8,Bronx,Williamsbridge Oval,baseball,37
4145,2021-08-12,2021,8,Bronx,Williamsbridge Oval,volleyball,37
4146,2021-08-13,2021,8,Bronx,Williamsbridge Oval,soccer,17
4147,2021-08-13,2021,8,Bronx,Williamsbridge Oval,football,17
4148,2021-08-13,2021,8,Bronx,Williamsbridge Oval,tennis,17
4149,2021-08-13,2021,8,Bronx,Williamsbridge Oval,baseball,17
4150,2021-08-13,2021,8,Bronx,Williamsbridge Oval,volleyball,17
4151,2021-08-14,2021,8,Bronx,Williamsbridge Oval,soccer,97
4152,2021-08-14,2021,8,Bronx,Williamsbridge Oval,football,97
4153,2021-08-14,2021,8,Bronx,Williamsbridge Oval,tennis,97
4154,2021-08-14,2021,8,Bronx,Williamsbridge Oval,baseball,97
4155,2021-08-14,2021,8,Bronx,Williamsbridge Oval,volleyball,97
4156,2021-08-05,2021,8,Staten Island,CPL. Thompson Park,soccer,40
4157,2021-08-05,2021,8,Staten Island,CPL. Thompson Park,basketball,40
4158,2021-08-05,2021,8,Staten Island,CPL. Thompson Park,football,40
4159,2021-08-05,2021,8,Staten Island,CPL. Thompson Park,kickball,40
4160,2021-08-05,2021,8,Staten Island,CPL. Thompson Park,pickleball,40
4161,2021-08-07,2021,8,Staten Island,CPL. Thompson Park,soccer,32
4162,2021-08-07,2021,8,Staten Island,CPL. Thompson Park,basketball,32
4163,2021-08-07,2021,8,Staten Island,CPL. Thompson Park,football,32
4164,2021-08-07,2021,8,Staten Island,CPL. Thompson Park,kickball,32
4165,2021-08-07,2021,8,Staten Island,CPL. Thompson Park,pickleball,32
4166,2021-08-03,2021,8,Bronx,Williamsbridge Oval,soccer,35
4167,2021-08-03,2021,8,Bronx,Williamsbridge Oval,football,35
4168,2021-08-03,2021,8,Bronx,Williamsbridge Oval,tennis,35
4169,2021-08-03,2021,8,Bronx,Williamsbridge Oval,baseball,35
4170,2021-08-03,2021,8,Bronx,Williamsbridge Oval,volleyball,35
4171,2021-08-04,2021,8,Bronx,Williamsbridge Oval,soccer,61
4172,2021-08-04,2021,8,Bronx,Williamsbridge Oval,football,61
4173,2021-08-04,2021,8,Bronx,Williamsbridge Oval,tennis,61
4174,2021-08-04,2021,8,Bronx,Williamsbridge Oval,baseball,61
4175,2021-08-04,2021,8,Bronx,Williamsbridge Oval,volleyball,61
4176,2021-08-05,2021,8,Bronx,Williamsbridge Oval,soccer,29
4177,2021-08-05,2021,8,Bronx,Williamsbridge Oval,football,29
4178,2021-08-05,2021,8,Bronx,Williamsbridge Oval,tennis,29
4179,2021-08-05,2021,8,Bronx,Williamsbridge Oval,baseball,29
4180,2021-08-05,2021,8,Bronx,Williamsbridge Oval,volleyball,29
4181,2021-08-06,2021,8,Bronx,Williamsbridge Oval,soccer,22
4182,2021-08-06,2021,8,Bronx,Williamsbridge Oval,football,22
4183,2021-08-06,2021,8,Bronx,Williamsbridge Oval,tennis,22
4184,2021-08-06,2021,8,Bronx,Williamsbridge Oval,baseball,22
4185,2021-08-06,2021,8,Bronx,Williamsbridge Oval,volleyball,22
4186,2021-08-07,2021,8,Bronx,Williamsbridge Oval,soccer,25
4187,2021-08-07,2021,8,Bronx,Williamsbridge Oval,football,25
4188,2021-08-07,2021,8,Bronx,Williamsbridge Oval,tennis,25
4189,2021-08-07,2021,8,Bronx,Williamsbridge Oval,baseball,25
4190,2021-08-07,2021,8,Bronx,Williamsbridge Oval,volleyball,25
4191,2021-08-03,2021,8,Brooklyn,John J Carty Playground,soccer,49
4192,2021-08-03,2021,8,Brooklyn,John J Carty Playground,basketball,49
4193,2021-08-03,2021,8,Brooklyn,John J Carty Playground,frisbee,49
4194,2021-08-03,2021,8,Brooklyn,John J Carty Playground,football,49
4195,2021-08-03,2021,8,Brooklyn,John J Carty Playground,volleyball,49
4196,2021-08-03,2021,8,Brooklyn,John J Carty Playground,street hockey,49
4197,2021-08-03,2021,8,Brooklyn,John J Carty Playground,handball,49
4198,2021-08-03,2021,8,Brooklyn,John J Carty Playground,pickleball,49
4199,2021-08-03,2021,8,Brooklyn,John J Carty Playground,youth strength,49
4200,2021-08-03,2021,8,Brooklyn,John J Carty Playground,senior fitness,49
4201,2021-08-04,2021,8,Brooklyn,John J Carty Playground,soccer,68
4202,2021-08-04,2021,8,Brooklyn,John J Carty Playground,basketball,68
4203,2021-08-04,2021,8,Brooklyn,John J Carty Playground,frisbee,68
4204,2021-08-04,2021,8,Brooklyn,John J Carty Playground,football,68
4205,2021-08-04,2021,8,Brooklyn,John J Carty Playground,volleyball,68
4206,2021-08-04,2021,8,Brooklyn,John J Carty Playground,street hockey,68
4207,2021-08-04,2021,8,Brooklyn,John J Carty Playground,handball,68
4208,2021-08-04,2021,8,Brooklyn,John J Carty Playground,pickleball,68
4209,2021-08-04,2021,8,Brooklyn,John J Carty Playground,youth strength,68
4210,2021-08-04,2021,8,Brooklyn,John J Carty Playground,senior fitness,68
4211,2021-08-05,2021,8,Brooklyn,John J Carty Playground,soccer,71
4212,2021-08-05,2021,8,Brooklyn,John J Carty Playground,basketball,71
4213,2021-08-05,2021,8,Brooklyn,John J Carty Playground,frisbee,71
4214,2021-08-05,2021,8,Brooklyn,John J Carty Playground,football,71
4215,2021-08-05,2021,8,Brooklyn,John J Carty Playground,volleyball,71
4216,2021-08-05,2021,8,Brooklyn,John J Carty Playground,street hockey,71
4217,2021-08-05,2021,8,Brooklyn,John J Carty Playground,handball,71
4218,2021-08-05,2021,8,Brooklyn,John J Carty Playground,pickleball,71
4219,2021-08-05,2021,8,Brooklyn,John J Carty Playground,youth strength,71
4220,2021-08-05,2021,8,Brooklyn,John J Carty Playground,senior fitness,71
4221,2021-08-06,2021,8,Brooklyn,John J Carty Playground,soccer,33
4222,2021-08-06,2021,8,Brooklyn,John J Carty Playground,basketball,33
4223,2021-08-06,2021,8,Brooklyn,John J Carty Playground,frisbee,33
4224,2021-08-06,2021,8,Brooklyn,John J Carty Playground,football,33
4225,2021-08-06,2021,8,Brooklyn,John J Carty Playground,volleyball,33
4226,2021-08-06,2021,8,Brooklyn,John J Carty Playground,street hockey,33
4227,2021-08-06,2021,8,Brooklyn,John J Carty Playground,handball,33
4228,2021-08-06,2021,8,Brooklyn,John J Carty Playground,pickleball,33
4229,2021-08-06,2021,8,Brooklyn,John J Carty Playground,youth strength,33
4230,2021-08-06,2021,8,Brooklyn,John J Carty Playground,senior fitness,33
4231,2021-08-07,2021,8,Brooklyn,John J Carty Playground,soccer,27
4232,2021-08-07,2021,8,Brooklyn,John J Carty Playground,basketball,27
4233,2021-08-07,2021,8,Brooklyn,John J Carty Playground,frisbee,27
4234,2021-08-07,2021,8,Brooklyn,John J Carty Playground,football,27
4235,2021-08-07,2021,8,Brooklyn,John J Carty Playground,volleyball,27
4236,2021-08-07,2021,8,Brooklyn,John J Carty Playground,street hockey,27
4237,2021-08-07,2021,8,Brooklyn,John J Carty Playground,handball,27
4238,2021-08-07,2021,8,Brooklyn,John J Carty Playground,pickleball,27
4239,2021-08-07,2021,8,Brooklyn,John J Carty Playground,youth strength,27
4240,2021-08-07,2021,8,Brooklyn,John J Carty Playground,senior fitness,27
4241,2021-07-29,2021,7,Staten Island,CPL. Thompson Park,basketball,25
4242,2021-07-29,2021,7,Staten Island,CPL. Thompson Park,frisbee,25
4243,2021-07-29,2021,7,Staten Island,CPL. Thompson Park,kickball,25
4244,2021-07-29,2021,7,Staten Island,CPL. Thompson Park,sports drills,25
4245,2021-07-31,2021,7,Staten Island,CPL. Thompson Park,basketball,30
4246,2021-07-31,2021,7,Staten Island,CPL. Thompson Park,frisbee,30
4247,2021-07-31,2021,7,Staten Island,CPL. Thompson Park,kickball,30
4248,2021-07-31,2021,7,Staten Island,CPL. Thompson Park,sports drills,30
4249,2021-07-27,2021,7,Bronx,Williamsbridge Oval,soccer,37
4250,2021-07-27,2021,7,Bronx,Williamsbridge Oval,football,37
4251,2021-07-27,2021,7,Bronx,Williamsbridge Oval,baseball,37
4252,2021-07-28,2021,7,Bronx,Williamsbridge Oval,soccer,37
4253,2021-07-28,2021,7,Bronx,Williamsbridge Oval,football,37
4254,2021-07-28,2021,7,Bronx,Williamsbridge Oval,baseball,37
4255,2021-07-29,2021,7,Bronx,Williamsbridge Oval,soccer,44
4256,2021-07-29,2021,7,Bronx,Williamsbridge Oval,football,44
4257,2021-07-29,2021,7,Bronx,Williamsbridge Oval,baseball,44
4258,2021-07-27,2021,7,Brooklyn,John J Carty Playground,soccer,46
4259,2021-07-27,2021,7,Brooklyn,John J Carty Playground,basketball,46
4260,2021-07-27,2021,7,Brooklyn,John J Carty Playground,frisbee,46
4261,2021-07-27,2021,7,Brooklyn,John J Carty Playground,football,46
4262,2021-07-27,2021,7,Brooklyn,John J Carty Playground,kickball,46
4263,2021-07-27,2021,7,Brooklyn,John J Carty Playground,volleyball,46
4264,2021-07-27,2021,7,Brooklyn,John J Carty Playground,street hockey,46
4265,2021-07-27,2021,7,Brooklyn,John J Carty Playground,handball,46
4266,2021-07-27,2021,7,Brooklyn,John J Carty Playground,pickleball,46
4267,2021-07-27,2021,7,Brooklyn,John J Carty Playground,youth strength,46
4268,2021-07-27,2021,7,Brooklyn,John J Carty Playground,senior fitness,46
4269,2021-07-27,2021,7,Brooklyn,John J Carty Playground,biking,46
4270,2021-07-27,2021,7,Brooklyn,John J Carty Playground,carnival games,46
4271,2021-07-28,2021,7,Brooklyn,John J Carty Playground,soccer,44
4272,2021-07-28,2021,7,Brooklyn,John J Carty Playground,basketball,44
4273,2021-07-28,2021,7,Brooklyn,John J Carty Playground,frisbee,44
4274,2021-07-28,2021,7,Brooklyn,John J Carty Playground,football,44
4275,2021-07-28,2021,7,Brooklyn,John J Carty Playground,kickball,44
4276,2021-07-28,2021,7,Brooklyn,John J Carty Playground,volleyball,44
4277,2021-07-28,2021,7,Brooklyn,John J Carty Playground,street hockey,44
4278,2021-07-28,2021,7,Brooklyn,John J Carty Playground,handball,44
4279,2021-07-28,2021,7,Brooklyn,John J Carty Playground,pickleball,44
4280,2021-07-28,2021,7,Brooklyn,John J Carty Playground,youth strength,44
4281,2021-07-28,2021,7,Brooklyn,John J Carty Playground,senior fitness,44
4282,2021-07-28,2021,7,Brooklyn,John J Carty Playground,biking,44
4283,2021-07-28,2021,7,Brooklyn,John J Carty Playground,carnival games,44
4284,2021-07-29,2021,7,Brooklyn,John J Carty Playground,soccer,57
4285,2021-07-29,2021,7,Brooklyn,John J Carty Playground,basketball,57
4286,2021-07-29,2021,7,Brooklyn,John J Carty Playground,frisbee,57
4287,2021-07-29,2021,7,Brooklyn,John J Carty Playground,football,57
4288,2021-07-29,2021,7,Brooklyn,John J Carty Playground,kickball,57
4289,2021-07-29,2021,7,Brooklyn,John J Carty Playground,volleyball,57
4290,2021-07-29,2021,7,Brooklyn,John J Carty Playground,street hockey,57
4291,2021-07-29,2021,7,Brooklyn,John J Carty Playground,handball,57
4292,2021-07-29,2021,7,Brooklyn,John J Carty Playground,pickleball,57
4293,2021-07-29,2021,7,Brooklyn,John J Carty Playground,youth strength,57
4294,2021-07-29,2021,7,Brooklyn,John J Carty Playground,senior fitness,57
4295,2021-07-29,2021,7,Brooklyn,John J Carty Playground,biking,57
4296,2021-07-29,2021,7,Brooklyn,John J Carty Playground,carnival games,57
4297,2021-07-30,2021,7,Brooklyn,John J Carty Playground,soccer,47
4298,2021-07-30,2021,7,Brooklyn,John J Carty Playground,basketball,47
4299,2021-07-30,2021,7,Brooklyn,John J Carty Playground,frisbee,47
4300,2021-07-30,2021,7,Brooklyn,John J Carty Playground,football,47
4301,2021-07-30,2021,7,Brooklyn,John J Carty Playground,kickball,47
4302,2021-07-30,2021,7,Brooklyn,John J Carty Playground,volleyball,47
4303,2021-07-30,2021,7,Brooklyn,John J Carty Playground,street hockey,47
4304,2021-07-30,2021,7,Brooklyn,John J Carty Playground,handball,47
4305,2021-07-30,2021,7,Brooklyn,John J Carty Playground,pickleball,47
4306,2021-07-30,2021,7,Brooklyn,John J Carty Playground,youth strength,47
4307,2021-07-30,2021,7,Brooklyn,John J Carty Playground,senior fitness,47
4308,2021-07-30,2021,7,Brooklyn,John J Carty Playground,biking,47
4309,2021-07-30,2021,7,Brooklyn,John J Carty Playground,carnival games,47
4310,2021-07-31,2021,7,Brooklyn,John J Carty Playground,soccer,51
4311,2021-07-31,2021,7,Brooklyn,John J Carty Playground,basketball,51
4312,2021-07-31,2021,7,Brooklyn,John J Carty Playground,frisbee,51
4313,2021-07-31,2021,7,Brooklyn,John J Carty Playground,football,51
4314,2021-07-31,2021,7,Brooklyn,John J Carty Playground,kickball,51
4315,2021-07-31,2021,7,Brooklyn,John J Carty Playground,volleyball,51
4316,2021-07-31,2021,7,Brooklyn,John J Carty Playground,street hockey,51
4317,2021-07-31,2021,7,Brooklyn,John J Carty Playground,handball,51
4318,2021-07-31,2021,7,Brooklyn,John J Carty Playground,pickleball,51
4319,2021-07-31,2021,7,Brooklyn,John J Carty Playground,youth strength,51
4320,2021-07-31,2021,7,Brooklyn,John J Carty Playground,senior fitness,51
4321,2021-07-31,2021,7,Brooklyn,John J Carty Playground,biking,51
4322,2021-07-31,2021,7,Brooklyn,John J Carty Playground,carnival games,51
4323,2021-07-22,2021,7,Staten Island,CPL. Thompson Park,basketball,40
4324,2021-07-22,2021,7,Staten Island,CPL. Thompson Park,football,40
4325,2021-07-22,2021,7,Staten Island,CPL. Thompson Park,kickball,40
4326,2021-07-22,2021,7,Staten Island,CPL. Thompson Park,sports drills,40
4327,2021-07-24,2021,7,Staten Island,CPL. Thompson Park,basketball,28
4328,2021-07-24,2021,7,Staten Island,CPL. Thompson Park,football,28
4329,2021-07-24,2021,7,Staten Island,CPL. Thompson Park,kickball,28
4330,2021-07-24,2021,7,Staten Island,CPL. Thompson Park,sports drills,28
4331,2021-07-29,2021,7,Queens,Real Good Playground,soccer,12
4332,2021-07-29,2021,7,Queens,Real Good Playground,basketball,12
4333,2021-07-26,2021,7,Queens,Mafera Park,basketball,19
4334,2021-07-26,2021,7,Queens,Mafera Park,flag football,19
4335,2021-07-24,2021,7,Queens,Electric Playground,basketball,5
4336,2021-07-24,2021,7,Queens,Electric Playground,flag football,5
4337,2021-07-22,2021,7,Queens,Real Good Playground,soccer,10
4338,2021-07-22,2021,7,Queens,Real Good Playground,basketball,10
4339,2021-07-19,2021,7,Queens,Mafera Park,basketball,20
4340,2021-07-19,2021,7,Queens,Mafera Park,flag football,20
4341,2021-07-15,2021,7,Queens,Real Good Playground,basketball,15
4342,2021-07-15,2021,7,Queens,Real Good Playground,flag football,15
4343,2021-07-17,2021,7,Queens,Electric Playground,basketball,10
4344,2021-07-17,2021,7,Queens,Electric Playground,flag football,10
4345,2021-07-12,2021,7,Queens,Mafera Park,soccer,20
4346,2021-07-12,2021,7,Queens,Mafera Park,basketball,20
4347,2021-07-10,2021,7,Queens,Electric Playground,soccer,15
4348,2021-07-10,2021,7,Queens,Electric Playground,basketball,15
4349,2021-07-08,2021,7,Queens,Real Good Playground,soccer,20
4350,2021-07-08,2021,7,Queens,Real Good Playground,basketball,20
4351,2021-07-20,2021,7,Brooklyn,John J Carty Playground,soccer,41
4352,2021-07-20,2021,7,Brooklyn,John J Carty Playground,basketball,41
4353,2021-07-20,2021,7,Brooklyn,John J Carty Playground,frisbee,41
4354,2021-07-20,2021,7,Brooklyn,John J Carty Playground,football,41
4355,2021-07-20,2021,7,Brooklyn,John J Carty Playground,kickball,41
4356,2021-07-20,2021,7,Brooklyn,John J Carty Playground,volleyball,41
4357,2021-07-20,2021,7,Brooklyn,John J Carty Playground,street hockey,41
4358,2021-07-20,2021,7,Brooklyn,John J Carty Playground,handball,41
4359,2021-07-20,2021,7,Brooklyn,John J Carty Playground,pickleball,41
4360,2021-07-20,2021,7,Brooklyn,John J Carty Playground,youth strength,41
4361,2021-07-20,2021,7,Brooklyn,John J Carty Playground,senior fitness,41
4362,2021-07-20,2021,7,Brooklyn,John J Carty Playground,biking,41
4363,2021-07-20,2021,7,Brooklyn,John J Carty Playground,carnival games,41
4364,2021-07-21,2021,7,Brooklyn,John J Carty Playground,soccer,43
4365,2021-07-21,2021,7,Brooklyn,John J Carty Playground,basketball,43
4366,2021-07-21,2021,7,Brooklyn,John J Carty Playground,frisbee,43
4367,2021-07-21,2021,7,Brooklyn,John J Carty Playground,football,43
4368,2021-07-21,2021,7,Brooklyn,John J Carty Playground,kickball,43
4369,2021-07-21,2021,7,Brooklyn,John J Carty Playground,volleyball,43
4370,2021-07-21,2021,7,Brooklyn,John J Carty Playground,street hockey,43
4371,2021-07-21,2021,7,Brooklyn,John J Carty Playground,handball,43
4372,2021-07-21,2021,7,Brooklyn,John J Carty Playground,pickleball,43
4373,2021-07-21,2021,7,Brooklyn,John J Carty Playground,youth strength,43
4374,2021-07-21,2021,7,Brooklyn,John J Carty Playground,senior fitness,43
4375,2021-07-21,2021,7,Brooklyn,John J Carty Playground,biking,43
4376,2021-07-21,2021,7,Brooklyn,John J Carty Playground,carnival games,43
4377,2021-07-22,2021,7,Brooklyn,John J Carty Playground,soccer,45
4378,2021-07-22,2021,7,Brooklyn,John J Carty Playground,basketball,45
4379,2021-07-22,2021,7,Brooklyn,John J Carty Playground,frisbee,45
4380,2021-07-22,2021,7,Brooklyn,John J Carty Playground,football,45
4381,2021-07-22,2021,7,Brooklyn,John J Carty Playground,kickball,45
4382,2021-07-22,2021,7,Brooklyn,John J Carty Playground,volleyball,45
4383,2021-07-22,2021,7,Brooklyn,John J Carty Playground,street hockey,45
4384,2021-07-22,2021,7,Brooklyn,John J Carty Playground,handball,45
4385,2021-07-22,2021,7,Brooklyn,John J Carty Playground,pickleball,45
4386,2021-07-22,2021,7,Brooklyn,John J Carty Playground,youth strength,45
4387,2021-07-22,2021,7,Brooklyn,John J Carty Playground,senior fitness,45
4388,2021-07-22,2021,7,Brooklyn,John J Carty Playground,biking,45
4389,2021-07-22,2021,7,Brooklyn,John J Carty Playground,carnival games,45
4390,2021-07-23,2021,7,Brooklyn,John J Carty Playground,soccer,56
4391,2021-07-23,2021,7,Brooklyn,John J Carty Playground,basketball,56
4392,2021-07-23,2021,7,Brooklyn,John J Carty Playground,frisbee,56
4393,2021-07-23,2021,7,Brooklyn,John J Carty Playground,football,56
4394,2021-07-23,2021,7,Brooklyn,John J Carty Playground,kickball,56
4395,2021-07-23,2021,7,Brooklyn,John J Carty Playground,volleyball,56
4396,2021-07-23,2021,7,Brooklyn,John J Carty Playground,street hockey,56
4397,2021-07-23,2021,7,Brooklyn,John J Carty Playground,handball,56
4398,2021-07-23,2021,7,Brooklyn,John J Carty Playground,pickleball,56
4399,2021-07-23,2021,7,Brooklyn,John J Carty Playground,youth strength,56
4400,2021-07-23,2021,7,Brooklyn,John J Carty Playground,senior fitness,56
4401,2021-07-23,2021,7,Brooklyn,John J Carty Playground,biking,56
4402,2021-07-23,2021,7,Brooklyn,John J Carty Playground,carnival games,56
4403,2021-07-24,2021,7,Brooklyn,John J Carty Playground,soccer,51
4404,2021-07-24,2021,7,Brooklyn,John J Carty Playground,basketball,51
4405,2021-07-24,2021,7,Brooklyn,John J Carty Playground,frisbee,51
4406,2021-07-24,2021,7,Brooklyn,John J Carty Playground,football,51
4407,2021-07-24,2021,7,Brooklyn,John J Carty Playground,kickball,51
4408,2021-07-24,2021,7,Brooklyn,John J Carty Playground,volleyball,51
4409,2021-07-24,2021,7,Brooklyn,John J Carty Playground,street hockey,51
4410,2021-07-24,2021,7,Brooklyn,John J Carty Playground,handball,51
4411,2021-07-24,2021,7,Brooklyn,John J Carty Playground,pickleball,51
4412,2021-07-24,2021,7,Brooklyn,John J Carty Playground,youth strength,51
4413,2021-07-24,2021,7,Brooklyn,John J Carty Playground,senior fitness,51
4414,2021-07-24,2021,7,Brooklyn,John J Carty Playground,biking,51
4415,2021-07-24,2021,7,Brooklyn,John J Carty Playground,carnival games,51
4416,2021-07-20,2021,7,Bronx,Williamsbridge Oval,dodgeball,36
4417,2021-07-20,2021,7,Bronx,Williamsbridge Oval,football,36
4418,2021-07-20,2021,7,Bronx,Williamsbridge Oval,tennis,36
4419,2021-07-20,2021,7,Bronx,Williamsbridge Oval,track & field,36
4420,2021-07-20,2021,7,Bronx,Williamsbridge Oval,hockey,36
4421,2021-07-21,2021,7,Bronx,Williamsbridge Oval,dodgeball,34
4422,2021-07-21,2021,7,Bronx,Williamsbridge Oval,football,34
4423,2021-07-21,2021,7,Bronx,Williamsbridge Oval,tennis,34
4424,2021-07-21,2021,7,Bronx,Williamsbridge Oval,track & field,34
4425,2021-07-21,2021,7,Bronx,Williamsbridge Oval,hockey,34
4426,2021-07-22,2021,7,Bronx,Williamsbridge Oval,dodgeball,29
4427,2021-07-22,2021,7,Bronx,Williamsbridge Oval,football,29
4428,2021-07-22,2021,7,Bronx,Williamsbridge Oval,tennis,29
4429,2021-07-22,2021,7,Bronx,Williamsbridge Oval,track & field,29
4430,2021-07-22,2021,7,Bronx,Williamsbridge Oval,hockey,29
4431,2021-07-23,2021,7,Bronx,Williamsbridge Oval,dodgeball,31
4432,2021-07-23,2021,7,Bronx,Williamsbridge Oval,football,31
4433,2021-07-23,2021,7,Bronx,Williamsbridge Oval,tennis,31
4434,2021-07-23,2021,7,Bronx,Williamsbridge Oval,track & field,31
4435,2021-07-23,2021,7,Bronx,Williamsbridge Oval,hockey,31
4436,2021-07-24,2021,7,Bronx,Williamsbridge Oval,dodgeball,23
4437,2021-07-24,2021,7,Bronx,Williamsbridge Oval,football,23
4438,2021-07-24,2021,7,Bronx,Williamsbridge Oval,tennis,23
4439,2021-07-24,2021,7,Bronx,Williamsbridge Oval,track & field,23
4440,2021-07-24,2021,7,Bronx,Williamsbridge Oval,hockey,23
4441,2021-07-15,2021,7,Staten Island,CPL. Thompson Park,soccer,35
4442,2021-07-15,2021,7,Staten Island,CPL. Thompson Park,basketball,35
4443,2021-07-15,2021,7,Staten Island,CPL. Thompson Park,dodgeball,35
4444,2021-07-17,2021,7,Staten Island,CPL. Thompson Park,soccer,40
4445,2021-07-17,2021,7,Staten Island,CPL. Thompson Park,basketball,40
4446,2021-07-17,2021,7,Staten Island,CPL. Thompson Park,dodgeball,40
4447,2021-07-13,2021,7,Brooklyn,John J Carty Playground,soccer,47
4448,2021-07-13,2021,7,Brooklyn,John J Carty Playground,basketball,47
4449,2021-07-13,2021,7,Brooklyn,John J Carty Playground,frisbee,47
4450,2021-07-13,2021,7,Brooklyn,John J Carty Playground,football,47
4451,2021-07-13,2021,7,Brooklyn,John J Carty Playground,kickball,47
4452,2021-07-13,2021,7,Brooklyn,John J Carty Playground,volleyball,47
4453,2021-07-13,2021,7,Brooklyn,John J Carty Playground,street hockey,47
4454,2021-07-13,2021,7,Brooklyn,John J Carty Playground,handball,47
4455,2021-07-13,2021,7,Brooklyn,John J Carty Playground,pickleball,47
4456,2021-07-13,2021,7,Brooklyn,John J Carty Playground,youth strength,47
4457,2021-07-13,2021,7,Brooklyn,John J Carty Playground,senior fitness,47
4458,2021-07-13,2021,7,Brooklyn,John J Carty Playground,biking,47
4459,2021-07-13,2021,7,Brooklyn,John J Carty Playground,carnival games,47
4460,2021-07-14,2021,7,Brooklyn,John J Carty Playground,soccer,71
4461,2021-07-14,2021,7,Brooklyn,John J Carty Playground,basketball,71
4462,2021-07-14,2021,7,Brooklyn,John J Carty Playground,frisbee,71
4463,2021-07-14,2021,7,Brooklyn,John J Carty Playground,football,71
4464,2021-07-14,2021,7,Brooklyn,John J Carty Playground,kickball,71
4465,2021-07-14,2021,7,Brooklyn,John J Carty Playground,volleyball,71
4466,2021-07-14,2021,7,Brooklyn,John J Carty Playground,street hockey,71
4467,2021-07-14,2021,7,Brooklyn,John J Carty Playground,handball,71
4468,2021-07-14,2021,7,Brooklyn,John J Carty Playground,pickleball,71
4469,2021-07-14,2021,7,Brooklyn,John J Carty Playground,youth strength,71
4470,2021-07-14,2021,7,Brooklyn,John J Carty Playground,senior fitness,71
4471,2021-07-14,2021,7,Brooklyn,John J Carty Playground,biking,71
4472,2021-07-14,2021,7,Brooklyn,John J Carty Playground,carnival games,71
4473,2021-07-15,2021,7,Brooklyn,John J Carty Playground,soccer,73
4474,2021-07-15,2021,7,Brooklyn,John J Carty Playground,basketball,73
4475,2021-07-15,2021,7,Brooklyn,John J Carty Playground,frisbee,73
4476,2021-07-15,2021,7,Brooklyn,John J Carty Playground,football,73
4477,2021-07-15,2021,7,Brooklyn,John J Carty Playground,kickball,73
4478,2021-07-15,2021,7,Brooklyn,John J Carty Playground,volleyball,73
4479,2021-07-15,2021,7,Brooklyn,John J Carty Playground,street hockey,73
4480,2021-07-15,2021,7,Brooklyn,John J Carty Playground,handball,73
4481,2021-07-15,2021,7,Brooklyn,John J Carty Playground,pickleball,73
4482,2021-07-15,2021,7,Brooklyn,John J Carty Playground,youth strength,73
4483,2021-07-15,2021,7,Brooklyn,John J Carty Playground,senior fitness,73
4484,2021-07-15,2021,7,Brooklyn,John J Carty Playground,biking,73
4485,2021-07-15,2021,7,Brooklyn,John J Carty Playground,carnival games,73
4486,2021-07-16,2021,7,Brooklyn,John J Carty Playground,soccer,34
4487,2021-07-16,2021,7,Brooklyn,John J Carty Playground,basketball,34
4488,2021-07-16,2021,7,Brooklyn,John J Carty Playground,frisbee,34
4489,2021-07-16,2021,7,Brooklyn,John J Carty Playground,football,34
4490,2021-07-16,2021,7,Brooklyn,John J Carty Playground,kickball,34
4491,2021-07-16,2021,7,Brooklyn,John J Carty Playground,volleyball,34
4492,2021-07-16,2021,7,Brooklyn,John J Carty Playground,street hockey,34
4493,2021-07-16,2021,7,Brooklyn,John J Carty Playground,handball,34
4494,2021-07-16,2021,7,Brooklyn,John J Carty Playground,pickleball,34
4495,2021-07-16,2021,7,Brooklyn,John J Carty Playground,youth strength,34
4496,2021-07-16,2021,7,Brooklyn,John J Carty Playground,senior fitness,34
4497,2021-07-16,2021,7,Brooklyn,John J Carty Playground,biking,34
4498,2021-07-16,2021,7,Brooklyn,John J Carty Playground,carnival games,34
4499,2021-07-17,2021,7,Brooklyn,John J Carty Playground,soccer,51
4500,2021-07-17,2021,7,Brooklyn,John J Carty Playground,basketball,51
4501,2021-07-17,2021,7,Brooklyn,John J Carty Playground,frisbee,51
4502,2021-07-17,2021,7,Brooklyn,John J Carty Playground,football,51
4503,2021-07-17,2021,7,Brooklyn,John J Carty Playground,kickball,51
4504,2021-07-17,2021,7,Brooklyn,John J Carty Playground,volleyball,51
4505,2021-07-17,2021,7,Brooklyn,John J Carty Playground,street hockey,51
4506,2021-07-17,2021,7,Brooklyn,John J Carty Playground,handball,51
4507,2021-07-17,2021,7,Brooklyn,John J Carty Playground,pickleball,51
4508,2021-07-17,2021,7,Brooklyn,John J Carty Playground,youth strength,51
4509,2021-07-17,2021,7,Brooklyn,John J Carty Playground,senior fitness,51
4510,2021-07-17,2021,7,Brooklyn,John J Carty Playground,biking,51
4511,2021-07-17,2021,7,Brooklyn,John J Carty Playground,carnival games,51
4512,2021-07-07,2021,7,Brooklyn,John J Carty Playground,soccer,20
4513,2021-07-07,2021,7,Brooklyn,John J Carty Playground,basketball,20
4514,2021-07-07,2021,7,Brooklyn,John J Carty Playground,frisbee,20
4515,2021-07-07,2021,7,Brooklyn,John J Carty Playground,football,20
4516,2021-07-07,2021,7,Brooklyn,John J Carty Playground,kickball,20
4517,2021-07-07,2021,7,Brooklyn,John J Carty Playground,volleyball,20
4518,2021-07-07,2021,7,Brooklyn,John J Carty Playground,street hockey,20
4519,2021-07-07,2021,7,Brooklyn,John J Carty Playground,handball,20
4520,2021-07-07,2021,7,Brooklyn,John J Carty Playground,pickleball,20
4521,2021-07-07,2021,7,Brooklyn,John J Carty Playground,youth strength,20
4522,2021-07-07,2021,7,Brooklyn,John J Carty Playground,senior fitness,20
4523,2021-07-07,2021,7,Brooklyn,John J Carty Playground,biking,20
4524,2021-07-07,2021,7,Brooklyn,John J Carty Playground,carnival games,20
4525,2021-07-08,2021,7,Brooklyn,John J Carty Playground,soccer,39
4526,2021-07-08,2021,7,Brooklyn,John J Carty Playground,basketball,39
4527,2021-07-08,2021,7,Brooklyn,John J Carty Playground,frisbee,39
4528,2021-07-08,2021,7,Brooklyn,John J Carty Playground,football,39
4529,2021-07-08,2021,7,Brooklyn,John J Carty Playground,kickball,39
4530,2021-07-08,2021,7,Brooklyn,John J Carty Playground,volleyball,39
4531,2021-07-08,2021,7,Brooklyn,John J Carty Playground,street hockey,39
4532,2021-07-08,2021,7,Brooklyn,John J Carty Playground,handball,39
4533,2021-07-08,2021,7,Brooklyn,John J Carty Playground,pickleball,39
4534,2021-07-08,2021,7,Brooklyn,John J Carty Playground,youth strength,39
4535,2021-07-08,2021,7,Brooklyn,John J Carty Playground,senior fitness,39
4536,2021-07-08,2021,7,Brooklyn,John J Carty Playground,biking,39
4537,2021-07-08,2021,7,Brooklyn,John J Carty Playground,carnival games,39
4538,2021-07-09,2021,7,Brooklyn,John J Carty Playground,soccer,34
4539,2021-07-09,2021,7,Brooklyn,John J Carty Playground,basketball,34
4540,2021-07-09,2021,7,Brooklyn,John J Carty Playground,frisbee,34
4541,2021-07-09,2021,7,Brooklyn,John J Carty Playground,football,34
4542,2021-07-09,2021,7,Brooklyn,John J Carty Playground,kickball,34
4543,2021-07-09,2021,7,Brooklyn,John J Carty Playground,volleyball,34
4544,2021-07-09,2021,7,Brooklyn,John J Carty Playground,street hockey,34
4545,2021-07-09,2021,7,Brooklyn,John J Carty Playground,handball,34
4546,2021-07-09,2021,7,Brooklyn,John J Carty Playground,pickleball,34
4547,2021-07-09,2021,7,Brooklyn,John J Carty Playground,youth strength,34
4548,2021-07-09,2021,7,Brooklyn,John J Carty Playground,senior fitness,34
4549,2021-07-09,2021,7,Brooklyn,John J Carty Playground,biking,34
4550,2021-07-09,2021,7,Brooklyn,John J Carty Playground,carnival games,34
4551,2021-07-10,2021,7,Brooklyn,John J Carty Playground,soccer,31
4552,2021-07-10,2021,7,Brooklyn,John J Carty Playground,basketball,31
4553,2021-07-10,2021,7,Brooklyn,John J Carty Playground,frisbee,31
4554,2021-07-10,2021,7,Brooklyn,John J Carty Playground,football,31
4555,2021-07-10,2021,7,Brooklyn,John J Carty Playground,kickball,31
4556,2021-07-10,2021,7,Brooklyn,John J Carty Playground,volleyball,31
4557,2021-07-10,2021,7,Brooklyn,John J Carty Playground,street hockey,31
4558,2021-07-10,2021,7,Brooklyn,John J Carty Playground,handball,31
4559,2021-07-10,2021,7,Brooklyn,John J Carty Playground,pickleball,31
4560,2021-07-10,2021,7,Brooklyn,John J Carty Playground,youth strength,31
4561,2021-07-10,2021,7,Brooklyn,John J Carty Playground,senior fitness,31
4562,2021-07-10,2021,7,Brooklyn,John J Carty Playground,biking,31
4563,2021-07-10,2021,7,Brooklyn,John J Carty Playground,carnival games,31
4564,2021-07-06,2021,7,Bronx,Williamsbridge Oval,soccer,35
4565,2021-07-06,2021,7,Bronx,Williamsbridge Oval,baseball,35
4566,2021-07-06,2021,7,Bronx,Williamsbridge Oval,street hockey,35
4567,2021-07-06,2021,7,Bronx,Williamsbridge Oval,track & field,35
4568,2021-07-06,2021,7,Bronx,Williamsbridge Oval,fitness,35
4569,2021-07-07,2021,7,Bronx,Williamsbridge Oval,soccer,22
4570,2021-07-07,2021,7,Bronx,Williamsbridge Oval,baseball,22
4571,2021-07-07,2021,7,Bronx,Williamsbridge Oval,street hockey,22
4572,2021-07-07,2021,7,Bronx,Williamsbridge Oval,track & field,22
4573,2021-07-07,2021,7,Bronx,Williamsbridge Oval,fitness,22
4574,2021-07-09,2021,7,Bronx,Williamsbridge Oval,soccer,50
4575,2021-07-09,2021,7,Bronx,Williamsbridge Oval,baseball,50
4576,2021-07-09,2021,7,Bronx,Williamsbridge Oval,street hockey,50
4577,2021-07-09,2021,7,Bronx,Williamsbridge Oval,track & field,50
4578,2021-07-09,2021,7,Bronx,Williamsbridge Oval,fitness,50
4579,2021-07-10,2021,7,Bronx,Williamsbridge Oval,soccer,25
4580,2021-07-10,2021,7,Bronx,Williamsbridge Oval,baseball,25
4581,2021-07-10,2021,7,Bronx,Williamsbridge Oval,street hockey,25
4582,2021-07-10,2021,7,Bronx,Williamsbridge Oval,track & field,25
4583,2021-07-10,2021,7,Bronx,Williamsbridge Oval,fitness,25
4584,2021-06-29,2021,6,Bronx,Williamsbridge Oval,soccer,23
4585,2021-06-29,2021,6,Bronx,Williamsbridge Oval,football,23
4586,2021-06-29,2021,6,Bronx,Williamsbridge Oval,baseball,23
4587,2021-06-29,2021,6,Bronx,Williamsbridge Oval,hockey,23
4588,2021-06-30,2021,6,Bronx,Williamsbridge Oval,soccer,25
4589,2021-06-30,2021,6,Bronx,Williamsbridge Oval,football,25
4590,2021-06-30,2021,6,Bronx,Williamsbridge Oval,baseball,25
4591,2021-06-30,2021,6,Bronx,Williamsbridge Oval,hockey,25
4592,2021-07-01,2021,7,Bronx,Williamsbridge Oval,soccer,10
4593,2021-07-01,2021,7,Bronx,Williamsbridge Oval,football,10
4594,2021-07-01,2021,7,Bronx,Williamsbridge Oval,baseball,10
4595,2021-07-01,2021,7,Bronx,Williamsbridge Oval,hockey,10
4596,2021-07-02,2021,7,Bronx,Williamsbridge Oval,soccer,22
4597,2021-07-02,2021,7,Bronx,Williamsbridge Oval,football,22
4598,2021-07-02,2021,7,Bronx,Williamsbridge Oval,baseball,22
4599,2021-07-02,2021,7,Bronx,Williamsbridge Oval,hockey,22
4600,2021-07-03,2021,7,Bronx,Williamsbridge Oval,soccer,19
4601,2021-07-03,2021,7,Bronx,Williamsbridge Oval,football,19
4602,2021-07-03,2021,7,Bronx,Williamsbridge Oval,baseball,19
4603,2021-07-03,2021,7,Bronx,Williamsbridge Oval,hockey,19
4604,2021-06-22,2021,6,Bronx,Williamsbridge Oval,soccer,27
4605,2021-06-22,2021,6,Bronx,Williamsbridge Oval,football,27
4606,2021-06-22,2021,6,Bronx,Williamsbridge Oval,baseball,27
4607,2021-06-22,2021,6,Bronx,Williamsbridge Oval,hockey,27
4608,2021-06-22,2021,6,Bronx,Williamsbridge Oval,fitness,27
4609,2021-06-23,2021,6,Bronx,Williamsbridge Oval,soccer,22
4610,2021-06-23,2021,6,Bronx,Williamsbridge Oval,football,22
4611,2021-06-23,2021,6,Bronx,Williamsbridge Oval,baseball,22
4612,2021-06-23,2021,6,Bronx,Williamsbridge Oval,hockey,22
4613,2021-06-23,2021,6,Bronx,Williamsbridge Oval,fitness,22
4614,2021-06-24,2021,6,Bronx,Williamsbridge Oval,soccer,19
4615,2021-06-24,2021,6,Bronx,Williamsbridge Oval,football,19
4616,2021-06-24,2021,6,Bronx,Williamsbridge Oval,baseball,19
4617,2021-06-24,2021,6,Bronx,Williamsbridge Oval,hockey,19
4618,2021-06-24,2021,6,Bronx,Williamsbridge Oval,fitness,19
4619,2021-06-25,2021,6,Bronx,Williamsbridge Oval,soccer,28
4620,2021-06-25,2021,6,Bronx,Williamsbridge Oval,football,28
4621,2021-06-25,2021,6,Bronx,Williamsbridge Oval,baseball,28
4622,2021-06-25,2021,6,Bronx,Williamsbridge Oval,hockey,28
4623,2021-06-25,2021,6,Bronx,Williamsbridge Oval,fitness,28
4624,2021-06-26,2021,6,Bronx,Williamsbridge Oval,soccer,24
4625,2021-06-26,2021,6,Bronx,Williamsbridge Oval,football,24
4626,2021-06-26,2021,6,Bronx,Williamsbridge Oval,baseball,24
4627,2021-06-26,2021,6,Bronx,Williamsbridge Oval,hockey,24
4628,2021-06-26,2021,6,Bronx,Williamsbridge Oval,fitness,24
4629,2021-05-18,2021,5,Bronx,Williamsbridge Oval,soccer,10
4630,2021-05-18,2021,5,Bronx,Williamsbridge Oval,football,10
4631,2021-05-18,2021,5,Bronx,Williamsbridge Oval,baseball,10
4632,2021-05-18,2021,5,Bronx,Williamsbridge Oval,hockey,10
4633,2021-05-18,2021,5,Bronx,Williamsbridge Oval,fitness,10
4634,2021-05-19,2021,5,Bronx,Williamsbridge Oval,soccer,15
4635,2021-05-19,2021,5,Bronx,Williamsbridge Oval,football,15
4636,2021-05-19,2021,5,Bronx,Williamsbridge Oval,baseball,15
4637,2021-05-19,2021,5,Bronx,Williamsbridge Oval,hockey,15
4638,2021-05-19,2021,5,Bronx,Williamsbridge Oval,fitness,15
4639,2021-05-20,2021,5,Bronx,Williamsbridge Oval,soccer,11
4640,2021-05-20,2021,5,Bronx,Williamsbridge Oval,football,11
4641,2021-05-20,2021,5,Bronx,Williamsbridge Oval,baseball,11
4642,2021-05-20,2021,5,Bronx,Williamsbridge Oval,hockey,11
4643,2021-05-20,2021,5,Bronx,Williamsbridge Oval,fitness,11
4644,2021-05-21,2021,5,Bronx,Williamsbridge Oval,soccer,8
4645,2021-05-21,2021,5,Bronx,Williamsbridge Oval,football,8
4646,2021-05-21,2021,5,Bronx,Williamsbridge Oval,baseball,8
4647,2021-05-21,2021,5,Bronx,Williamsbridge Oval,hockey,8
4648,2021-05-21,2021,5,Bronx,Williamsbridge Oval,fitness,8
4649,2021-05-22,2021,5,Bronx,Williamsbridge Oval,soccer,6
4650,2021-05-22,2021,5,Bronx,Williamsbridge Oval,football,6
4651,2021-05-22,2021,5,Bronx,Williamsbridge Oval,baseball,6
4652,2021-05-22,2021,5,Bronx,Williamsbridge Oval,hockey,6
4653,2021-05-22,2021,5,Bronx,Williamsbridge Oval,fitness,6
4654,2021-05-25,2021,5,Bronx,Williamsbridge Oval,football,21
4655,2021-05-25,2021,5,Bronx,Williamsbridge Oval,baseball,21
4656,2021-05-25,2021,5,Bronx,Williamsbridge Oval,hockey,21
4657,2021-05-25,2021,5,Bronx,Williamsbridge Oval,sports drills,21
4658,2021-05-26,2021,5,Bronx,Williamsbridge Oval,football,21
4659,2021-05-26,2021,5,Bronx,Williamsbridge Oval,baseball,21
4660,2021-05-26,2021,5,Bronx,Williamsbridge Oval,hockey,21
4661,2021-05-26,2021,5,Bronx,Williamsbridge Oval,sports drills,21
4662,2021-05-27,2021,5,Bronx,Williamsbridge Oval,football,27
4663,2021-05-27,2021,5,Bronx,Williamsbridge Oval,baseball,27
4664,2021-05-27,2021,5,Bronx,Williamsbridge Oval,hockey,27
4665,2021-05-27,2021,5,Bronx,Williamsbridge Oval,sports drills,27
4666,2021-05-28,2021,5,Bronx,Williamsbridge Oval,football,20
4667,2021-05-28,2021,5,Bronx,Williamsbridge Oval,baseball,20
4668,2021-05-28,2021,5,Bronx,Williamsbridge Oval,hockey,20
4669,2021-05-28,2021,5,Bronx,Williamsbridge Oval,sports drills,20
4670,2021-05-29,2021,5,Bronx,Williamsbridge Oval,football,16
4671,2021-05-29,2021,5,Bronx,Williamsbridge Oval,baseball,16
4672,2021-05-29,2021,5,Bronx,Williamsbridge Oval,hockey,16
4673,2021-05-29,2021,5,Bronx,Williamsbridge Oval,sports drills,16
4674,2021-06-01,2021,6,Bronx,Williamsbridge Oval,football,25
4675,2021-06-01,2021,6,Bronx,Williamsbridge Oval,baseball,25
4676,2021-06-01,2021,6,Bronx,Williamsbridge Oval,track & field,25
4677,2021-06-01,2021,6,Bronx,Williamsbridge Oval,hockey,25
4678,2021-06-01,2021,6,Bronx,Williamsbridge Oval,fitness,25
4679,2021-06-02,2021,6,Bronx,Williamsbridge Oval,football,27
4680,2021-06-02,2021,6,Bronx,Williamsbridge Oval,baseball,27
4681,2021-06-02,2021,6,Bronx,Williamsbridge Oval,track & field,27
4682,2021-06-02,2021,6,Bronx,Williamsbridge Oval,hockey,27
4683,2021-06-02,2021,6,Bronx,Williamsbridge Oval,fitness,27
4684,2021-06-03,2021,6,Bronx,Williamsbridge Oval,football,30
4685,2021-06-03,2021,6,Bronx,Williamsbridge Oval,baseball,30
4686,2021-06-03,2021,6,Bronx,Williamsbridge Oval,track & field,30
4687,2021-06-03,2021,6,Bronx,Williamsbridge Oval,hockey,30
4688,2021-06-03,2021,6,Bronx,Williamsbridge Oval,fitness,30
4689,2021-06-04,2021,6,Bronx,Williamsbridge Oval,football,22
4690,2021-06-04,2021,6,Bronx,Williamsbridge Oval,baseball,22
4691,2021-06-04,2021,6,Bronx,Williamsbridge Oval,track & field,22
4692,2021-06-04,2021,6,Bronx,Williamsbridge Oval,hockey,22
4693,2021-06-04,2021,6,Bronx,Williamsbridge Oval,fitness,22
4694,2021-06-05,2021,6,Bronx,Williamsbridge Oval,football,24
4695,2021-06-05,2021,6,Bronx,Williamsbridge Oval,baseball,24
4696,2021-06-05,2021,6,Bronx,Williamsbridge Oval,track & field,24
4697,2021-06-05,2021,6,Bronx,Williamsbridge Oval,hockey,24
4698,2021-06-05,2021,6,Bronx,Williamsbridge Oval,fitness,24
4699,2021-06-08,2021,6,Bronx,Williamsbridge Oval,soccer,20
4700,2021-06-08,2021,6,Bronx,Williamsbridge Oval,football,20
4701,2021-06-08,2021,6,Bronx,Williamsbridge Oval,baseball,20
4702,2021-06-08,2021,6,Bronx,Williamsbridge Oval,hockey,20
4703,2021-06-08,2021,6,Bronx,Williamsbridge Oval,fitness,20
4704,2021-06-09,2021,6,Bronx,Williamsbridge Oval,soccer,23
4705,2021-06-09,2021,6,Bronx,Williamsbridge Oval,football,23
4706,2021-06-09,2021,6,Bronx,Williamsbridge Oval,baseball,23
4707,2021-06-09,2021,6,Bronx,Williamsbridge Oval,hockey,23
4708,2021-06-09,2021,6,Bronx,Williamsbridge Oval,fitness,23
4709,2021-06-10,2021,6,Bronx,Williamsbridge Oval,soccer,25
4710,2021-06-10,2021,6,Bronx,Williamsbridge Oval,football,25
4711,2021-06-10,2021,6,Bronx,Williamsbridge Oval,baseball,25
4712,2021-06-10,2021,6,Bronx,Williamsbridge Oval,hockey,25
4713,2021-06-10,2021,6,Bronx,Williamsbridge Oval,fitness,25
4714,2021-06-11,2021,6,Bronx,Williamsbridge Oval,soccer,23
4715,2021-06-11,2021,6,Bronx,Williamsbridge Oval,football,23
4716,2021-06-11,2021,6,Bronx,Williamsbridge Oval,baseball,23
4717,2021-06-11,2021,6,Bronx,Williamsbridge Oval,hockey,23
4718,2021-06-11,2021,6,Bronx,Williamsbridge Oval,fitness,23
4719,2021-06-12,2021,6,Bronx,Williamsbridge Oval,soccer,22
4720,2021-06-12,2021,6,Bronx,Williamsbridge Oval,football,22
4721,2021-06-12,2021,6,Bronx,Williamsbridge Oval,baseball,22
4722,2021-06-12,2021,6,Bronx,Williamsbridge Oval,hockey,22
4723,2021-06-12,2021,6,Bronx,Williamsbridge Oval,fitness,22
4724,2021-06-15,2021,6,Bronx,Williamsbridge Oval,soccer,26
4725,2021-06-15,2021,6,Bronx,Williamsbridge Oval,football,26
4726,2021-06-15,2021,6,Bronx,Williamsbridge Oval,track,26
4727,2021-06-15,2021,6,Bronx,Williamsbridge Oval,baseball,26
4728,2021-06-15,2021,6,Bronx,Williamsbridge Oval,hockey,26
4729,2021-06-16,2021,6,Bronx,Williamsbridge Oval,soccer,29
4730,2021-06-16,2021,6,Bronx,Williamsbridge Oval,football,29
4731,2021-06-16,2021,6,Bronx,Williamsbridge Oval,track,29
4732,2021-06-16,2021,6,Bronx,Williamsbridge Oval,baseball,29
4733,2021-06-16,2021,6,Bronx,Williamsbridge Oval,hockey,29
4734,2021-06-17,2021,6,Bronx,Williamsbridge Oval,soccer,30
4735,2021-06-17,2021,6,Bronx,Williamsbridge Oval,football,30
4736,2021-06-17,2021,6,Bronx,Williamsbridge Oval,track,30
4737,2021-06-17,2021,6,Bronx,Williamsbridge Oval,baseball,30
4738,2021-06-17,2021,6,Bronx,Williamsbridge Oval,hockey,30
4739,2021-06-18,2021,6,Bronx,Williamsbridge Oval,soccer,28
4740,2021-06-18,2021,6,Bronx,Williamsbridge Oval,football,28
4741,2021-06-18,2021,6,Bronx,Williamsbridge Oval,track,28
4742,2021-06-18,2021,6,Bronx,Williamsbridge Oval,baseball,28
4743,2021-06-18,2021,6,Bronx,Williamsbridge Oval,hockey,28
4744,2021-06-19,2021,6,Bronx,Williamsbridge Oval,soccer,29
4745,2021-06-19,2021,6,Bronx,Williamsbridge Oval,football,29
4746,2021-06-19,2021,6,Bronx,Williamsbridge Oval,track,29
4747,2021-06-19,2021,6,Bronx,Williamsbridge Oval,baseball,29
4748,2021-06-19,2021,6,Bronx,Williamsbridge Oval,hockey,29
